temp_mean,temp_std,temp_slope,vib_rms,vib_peak,vib_kurtosis,door_open_ratio,label,temp_mean_norm,temp_std_norm,temp_slope_norm,vib_rms_norm,vib_peak_norm,vib_kurtosis_norm,door_open_ratio_norm,split
3.959950000000001,0.1274441282811151,0.3653993325917636,0.4538737995587825,0.515,1.6986794995290015,0.2333333333333333,0,-0.4963104111773191,0.2566753131402129,1.1323130866129243,0.3247139264232302,2.281246968538865,2.922630969872678,2.7332867447128875,train
4.009,0.1202450276172227,0.3532191323692917,0.4531345642668779,0.508,0.894002107671314,0.2333333333333333,0,0.4849737944624917,0.0370501734001317,1.095795932805697,0.2312032451680871,1.7326851065263178,1.7358738245503784,2.7332867447128875,train
4.054666666666667,0.0967103349642056,0.0796618464961008,0.4557451041975108,0.508,0.5891766169236003,0.1,0,1.3985717297166824,-0.6809298082638638,0.2756506723945695,0.5614274241683663,1.7326851065263178,1.2863100206188716,0.1986868557060452,train
4.108133333333333,0.1312777547373844,0.2758798665183487,0.452885857584447,0.508,-0.0412540152247693,0.0666666666666666,0,2.4682148597515083,0.3736289140798893,0.86392701317937,0.1997427189168271,1.7326851065263178,0.356536095189076,-0.4349631165456655,train
4.094733333333333,0.1424382751307464,-0.2471813125695292,0.4568924016293844,0.4880000000000001,-0.5706641458036659,0.0666666666666666,0,2.2001372174360467,0.714106282768172,-0.7042496323983983,0.7065565402044252,0.1653655007761925,-0.424250418298099,-0.4349631165456655,train
4.016,0.1853076720843833,-1.167644048943277,0.4583311757524974,0.4880000000000001,-0.0738856306764184,0.0666666666666666,0,0.6250143538810112,2.021935932065633,-3.463865952659489,0.8885564391512577,0.1653655007761925,0.3084102211524621,-0.4349631165456655,train
3.955200000000001,0.1263620196103244,-0.0284048943270345,0.4651203428504642,0.4880000000000001,-0.825641157804613,0.0666666666666666,0,-0.591337933639891,0.2236630968743201,-0.0483415218226862,1.7473623530980618,0.1653655007761925,-0.8002965132262512,-0.4349631165456655,train
3.946199999999999,0.113092705335048,0.4711635150166803,0.4532532772450005,0.484,0.2949081376515368,0.1,0,-0.7713900814637437,-0.1811478841110384,1.4494020380556691,0.2462200220720555,-0.1480984203738429,0.8523159455361566,0.1986868557060452,train
3.988933333333333,0.0894393400889986,-0.0604404894327105,0.4477594592337869,0.484,-0.9122394931325788,0.1333333333333333,0,0.0835241907960413,-0.9027482464371342,-0.1443866386855196,-0.4487287588455127,-0.1480984203738429,-0.9280137751543156,0.8323368279577557,train
3.9822000000000006,0.1241185991971657,-0.0846540600667468,0.4338632657109073,0.4639999999999999,-1.2612614500227424,0.1333333333333333,0,-0.0511814901684307,0.1552223923003494,-0.2169807395143328,-2.2065486808757604,-1.7154180261239769,-1.4427595669523632,0.8323368279577557,train
3.9848666666666666,0.127405581597598,0.0456240266963289,0.4371379644917609,0.4720000000000001,-1.193657333147076,0.0666666666666666,0,0.0021672943719453,0.2554993578161815,0.1736027357278357,-1.792310728147558,-1.0884901838239147,-1.3430554251842173,-0.4349631165456655,train
4.011666666666666,0.1284710948899488,0.1093748609566112,0.4389125957029106,0.4720000000000001,-0.816331829352487,0.0666666666666666,0,0.538322579002859,0.2880052938563805,0.364732518284835,-1.567826081177181,-1.0884901838239147,-0.7865668966488457,-0.4349631165456655,train
4.025333333333333,0.0952811045742485,0.1003781979977707,0.4479748504845631,0.4720000000000001,-1.4089509115554526,0.0333333333333333,0,0.8117350997723765,-0.7245317717270883,0.3377598479658666,-0.4214825182817271,-1.0884901838239147,-1.660575458807002,-1.0686130887973762,train
4.040733333333333,0.0887971220754866,-0.0393770856507278,0.4532638672267329,0.4720000000000001,-0.9776263278248134,0.0333333333333333,0,1.1198243304931264,-0.9223405854731178,-0.0812369743482045,0.2475596177557542,-1.0884901838239147,-1.024447817002904,-1.0686130887973762,train
3.996466666666667,0.1059467581172522,-0.45583982202448,0.4542372361075947,0.4720000000000001,1.0094186122103874,0.0333333333333333,0,0.2342345071226556,-0.3991514556064663,-1.329823493564929,0.3706873798616896,-1.0884901838239147,1.906092800298728,-1.0686130887973762,train
3.9272,0.109460007917656,-0.5949543937708618,0.4560532132693874,0.496,0.0390035037335989,0.0666666666666666,0,-1.1515001713140045,-0.2919716821348306,-1.7468994135417333,0.6004021451098414,0.7922933430762374,0.4749017719850862,-0.4349631165456655,train
3.8834,0.084498757387313,-0.0091568409343757,0.4507070001675146,0.496,-0.2152307867747329,0.0666666666666666,0,-2.027753957389917,-1.0534720961114967,0.0093655858923947,-0.0758751305641135,0.7922933430762374,0.0999510601847124,-0.4349631165456655,train
3.9424666666666672,0.1361535244575851,0.7537174638487163,0.4509888394775788,0.496,-0.0704218775194918,0.0333333333333333,0,-0.846078379820256,0.5223754945396414,2.296519968785779,-0.0402234426953156,0.7922933430762374,0.3135186457835126,-1.0686130887973762,train
3.9816,0.1208,0.1309187986651775,0.4452636672055484,0.466,-1.274277620218074,0.0,0,-0.0631849666900262,0.0539808836110172,0.4293228593750879,-0.7644377291659564,-1.5586860655489592,-1.4619561209258505,-1.7022630610490868,train
4.008266666666668,0.1056960842331551,-0.1721379310344889,0.4460783189829637,0.4700000000000001,-1.0816425454763543,0.0333333333333333,0,0.4703028787138947,-0.4067988395498739,-0.4792639461472287,-0.6613871260277586,-1.245222144398928,-1.1778533814892955,-1.0686130887973762,train
3.9564666666666666,0.0743732628181809,-0.0148698553948924,0.4416934079954858,0.4700000000000001,-0.6537594958488895,0.0666666666666666,0,-0.565997260983217,-1.3623736191637823,-0.0077624599481571,-1.2160630433879474,-1.245222144398928,-0.5468013951331328,-0.4349631165456655,train
3.943466666666666,0.0668469562175835,-0.2554838709677471,0.4399424204749223,0.4700000000000001,-0.2151061587537968,0.1333333333333333,0,-0.8260725856176294,-1.591980929306485,-0.7291413251853399,-1.437556846119257,-1.245222144398928,0.1001348645215186,0.8323368279577557,train
3.9422666666666655,0.053883165790027,0.1397285873192378,0.4387014170632839,0.466,-0.0377710365351937,0.2,0,-0.8500795386608027,-1.987471201930875,0.4557352665123651,-1.59453944115104,-1.5586860655489592,0.3616728740879047,2.099636772461177,train
3.971666666666667,0.0804339618707309,0.2652814238042223,0.447706302539213,0.47,-0.4787863563425665,0.1666666666666666,0,-0.2619091891029781,-1.1774780414404389,0.8321520870172535,-0.4554528949592929,-1.2452221443989324,-0.2887468932299293,1.4659868002094665,train
4.006666666666667,0.0712429333727601,0.0504560622914304,0.4490741586865136,0.47,0.5266048390181561,0.1333333333333333,0,0.438293607989646,-1.4578715256357988,0.1880895408546326,-0.282423872138214,-1.2452221443989324,1.1940276907358682,0.8323368279577557,train
4.0314,0.0788469403337883,0.1103893214682938,0.4468203218297037,0.47,-0.0693730565402095,0.1,0,0.9331035846017612,-1.225893787114022,0.3677739469855,-0.5675263587568234,-1.2452221443989324,0.3150654716343715,0.1986868557060452,train
4.0084,0.0845575149429861,-0.1967519466073463,0.4397599345097276,0.466,-0.2530281129009415,0.1666666666666666,0,0.4729703179408962,-1.051679561602261,-0.5530586109368282,-1.4606406830406369,-1.5586860655489592,0.0442066745361985,1.4659868002094665,train
3.997933333333334,0.0782534060316581,-0.2578598442714203,0.4436848731551107,0.478,0.2577264556062721,0.1666666666666666,0,0.2635763386198762,-1.244000917453188,-0.7362646713526734,-0.9641496596361884,-0.6182943020988788,0.7974795262595435,1.4659868002094665,train
4.017266666666666,0.1071042897781825,0.4698286985539437,0.4453238521944826,0.478,-0.5377318858280815,0.1,0,0.6503550265376852,-0.3638382873852658,1.445400158186384,-0.7568245383751492,-0.6182943020988788,-0.3756811466457542,0.1986868557060452,train
4.049133333333334,0.1059933121579953,0.2932591768631743,0.4531411847684267,0.4840000000000001,-0.7743710465739557,0.0666666666666666,0,1.2878730017953748,-0.3977312174154744,0.916031489077446,0.2320407154794412,-0.1480984203738342,-0.724682147195681,-0.4349631165456655,train
4.064,0.1106935710268066,-0.204814238042272,0.4552836478504363,0.4840000000000001,-0.2775758915257813,0.1,0,1.5852924756080478,-0.2543389995437626,-0.5772299653472995,0.5030548087683772,-0.1480984203738342,0.0080030332016712,0.1986868557060452,train
4.047266666666666,0.1113534712326273,0.0197819799777495,0.4613858833268887,0.4840000000000001,-0.1778388350836439,0.2,0,1.2505288526170877,-0.2342072245229202,0.0961263414584813,1.2749662729953828,-0.1480984203738342,0.1550975900809993,2.099636772461177,train
4.024,0.1059735816135323,-0.1941357063403841,0.4582175611359012,0.484,-0.5203651728737513,0.1666666666666666,0,0.7850607075021839,-0.3983331430985743,-0.5452149263930343,0.8741845871647542,-0.1480984203738429,-0.3500683098768075,1.4659868002094665,train
4.0300666666666665,0.1017742381723171,-0.1509143492769782,0.4581542680509845,0.484,-0.5646140240835846,0.1,0,0.9064291923315688,-0.5264437826287655,-0.4156340562256006,0.8661782330930329,-0.1480984203738429,-0.4153275564729393,0.1986868557060452,train
3.9266666666666663,0.1535459395606264,-0.5437508342602961,0.4560551136284591,0.474,-1.0198486270634002,0.0333333333333333,0,-1.1621699282220814,1.0529711586038335,-1.593387301755991,0.6006425338918251,-0.9317582232489056,-1.0867182570828102,-1.0686130887973762,train
3.958133333333334,0.1713350972671843,0.0826518353726285,0.4458706837937057,0.474,0.1619074027959786,0.1,0,-0.5326542706454586,1.595670369181162,0.284614883301761,-0.6876522519121431,-0.9317582232489056,0.6561633332966602,0.1986868557060452,train
3.9175333333333335,0.1734079454798872,0.3932636262513858,0.4447523655548857,0.47,0.4152263058557932,0.1666666666666666,0,-1.344889515272918,1.65890737608373,1.2158523288842358,-0.8291156012913019,-1.2452221443989324,1.0297640101560022,1.4659868002094665,train
3.935466666666666,0.1494281841629022,-0.7097486095661902,0.4411147998726258,0.47,0.0704906666675571,0.1666666666666666,0,-0.986118939238811,0.9273495501748036,-2.0910610823001874,-1.289254949051696,-1.2452221443989324,0.5213397805285287,1.4659868002094665,train
3.907000000000001,0.1302937706364609,0.0557152391546115,0.4505938304060543,0.4960000000000001,0.6427769097850251,0.1333333333333333,0,-1.5556172142074562,0.3436102137231562,0.2038569475396121,-0.0901907099304201,0.7922933430762461,1.365360993329577,0.8323368279577557,train
3.918733333333333,0.1235729024593264,0.2919777530589498,0.4515652776731179,0.4960000000000001,-0.6273705519896833,0.1333333333333333,0,-1.3208825622297449,0.1385746569929717,0.9121896844029403,0.0326939747448969,0.7922933430762461,-0.5078823600026408,0.8323368279577557,train
4.0162,0.1292195547637173,0.1833236929922106,0.4450238944895731,0.4960000000000001,-0.9796245111661844,0.1666666666666666,0,0.629015512721549,0.3108387854327279,0.5864366630432003,-0.7947681398792819,0.7922933430762461,-1.027394784796496,1.4659868002094665,train
3.952066666666667,0.1669638550372173,-0.5471412680756441,0.4502300152884819,0.49,-0.8484653417271422,0.1333333333333333,0,-0.6540227554748522,1.462315561349486,-1.603552076623966,-0.1362120509941845,0.3220974613512015,-0.8339581565510115,0.8323368279577557,train
3.9462,0.1596248518662848,-0.4954037819799832,0.4500605885137393,0.494,0.0033323612538409,0.0666666666666666,0,-0.7713900814637259,1.2384223735443496,-1.4484392128905077,-0.1576439459571882,0.6355613825012283,0.4222931319909486,-0.4349631165456655,train
3.9043333333333337,0.1194811933132388,0.5479955506117831,0.4557837206395156,0.494,0.4020651687442109,0.0,0,-1.6089659987478502,0.0137476494345886,1.679750243331667,0.56631226914136,0.6355613825012283,1.0103536555644828,-1.7022630610490868,train
3.980933333333333,0.0938008291837314,0.2713414905450452,0.4531411847684266,0.494,0.3285871123852604,0.0666666666666666,0,-0.0765221628251313,-0.7696909804497418,0.8503206216238038,0.2320407154794341,0.6355613825012283,0.901986489678205,-0.4349631165456655,train
4.0238,0.0888779687736693,0.2258776418242452,0.4447577617834979,0.4800000000000001,0.0390960855970372,0.1,0,0.7810595486616462,-0.9198741708173348,0.7140165932759819,-0.828432997228341,-0.461562341523861,0.4750383138950173,0.1986868557060452,train
4.0358,0.0727504410066816,-0.0791012235817624,0.4423161765072582,0.4800000000000001,0.3271634516711237,0.1333333333333333,0,1.0211290790934142,-1.4118815346331943,-0.2003329192581067,-1.1372850028400638,-0.461562341523861,0.8998868413693146,0.8323368279577557,train
4.036866666666668,0.0641782586931811,-0.1397552836485056,0.4435484190029314,0.4920000000000001,0.7481699762517744,0.0666666666666666,0,1.042468592909586,-1.6733956912448171,-0.382178340518394,-0.9814106330638795,0.4788294219262193,1.520797166835199,-0.4349631165456655,train
3.994866666666667,0.0732878950138122,-0.2218731924360465,0.4448291057623516,0.4920000000000001,-0.3377870030738958,0.0666666666666666,0,0.2022252363984157,-1.3954852628027492,-0.6283739900767643,-0.8194082332064959,0.4788294219262193,-0.0807977304093939,-0.4349631165456655,train
3.974533333333333,0.0759823371288061,-0.154197997775309,0.4598372175745094,0.502,-0.2326977825750784,0.1,0,-0.2045592457220731,-1.313285102858444,-0.4254786807040382,1.0790654669497408,1.2624892248012776,0.0741903239155857,0.1986868557060452,train
4.019,0.1410264750558089,0.6878843159065586,0.4588738388707729,0.502,0.7234655479334391,0.1666666666666666,0,0.6850317364889532,0.6710360711932236,2.099147253632676,0.9572014273406536,1.2624892248012776,1.4843624948479537,1.4659868002094665,train
4.0434,0.1408868576790138,0.2825806451612841,0.458862506640061,0.502,-0.3625172991664414,0.1333333333333333,0,1.1731731150335292,0.6667767216827266,0.8840164501231739,0.9557679397547496,1.2624892248012776,-0.1172705527985124,0.8323368279577557,train
4.0614,0.1338278994330655,-0.2466473859844323,0.4477576725566334,0.4760000000000001,-0.5278857584832708,0.1,0,1.5332774106811635,0.4514269490421566,-0.7026488804506776,-0.4489547672621047,-0.7750262626738879,-0.3611598464347077,0.1986868557060452,train
4.057,0.1146446684325093,0.3900600667408187,0.4424183540496483,0.4760000000000001,-0.5085821494924634,0.0333333333333333,0,1.4452519161895283,-0.1338016768464378,1.206247817197954,-1.1243599007751128,-0.7750262626738879,-0.332690429831041,-1.0686130887973762,train
4.076533333333333,0.1645526730935179,0.047733036707448,0.4442043073481691,0.4760000000000001,-0.590992443280606,0.0666666666666666,0,1.8360317629478748,1.3887569050606865,0.1799257059212919,-0.8984430493160027,-0.7750262626738879,-0.4542310695840774,-0.4349631165456655,train
4.063599999999999,0.1650974661626679,-0.6354260289210302,0.4373070622190622,0.474,-1.2633577577888817,0.1,0,1.5772901579269722,1.4053770718742449,-1.8682364111784389,-1.7709204565360672,-0.9317582232489056,-1.445851250955709,0.1986868557060452,train
4.033066666666667,0.1554723841144213,-0.1577753058954461,0.4370339422363744,0.4580000000000001,-1.1732998299802582,0.1666666666666666,0,0.9664465749395108,1.111741784836466,-0.436203718753731,-1.8054691799604083,-2.1856139078490084,-1.313031700659824,1.4659868002094665,train
3.946733333333333,0.1761881443861141,-0.5555773081201403,0.4426893568481929,0.4760000000000001,-0.535416320514631,0.1666666666666666,0,-0.76072032455564,1.743723744376483,-1.6288439573978497,-1.0900789937466386,-0.7750262626738879,-0.3722660964542063,1.4659868002094665,train
3.972666666666666,0.2023378912171968,-0.1172502780867672,0.4501876645726017,0.478,-0.204972813120718,0.1333333333333333,0,-0.2419033949003515,2.54148197419947,-0.3147066459222508,-0.1415692685634354,-0.6182943020988788,0.1150797610201189,0.8323368279577557,train
3.962,0.1945223209128797,0.3893926585094527,0.4555243132918374,0.478,-0.9829597347422484,0.1,0,-0.4552985330619004,2.303050008823115,1.2042468772633186,0.5334981461285428,-0.6182943020988788,-1.0323136509783877,0.1986868557060452,train
4.0220666666666665,0.131623182692952,-0.0569432703003396,0.4552277085884236,0.478,-0.7004626531159279,0.1,0,0.746382838710396,0.3841669891192006,-0.1339017134279896,0.4959786875969438,-0.6182943020988788,-0.615680310033194,0.1986868557060452,train
3.9726,0.1637788346113949,-0.3823715239154667,0.4504067791082486,0.478,-0.8684752093788206,0.1333333333333333,0,-0.2432371145138522,1.3651491806090843,-1.109560025559509,-0.1138520454740742,-0.6182943020988788,-0.8634691800405129,0.8323368279577557,train
3.9528,0.2131951218954129,0.0422335928809743,0.4476905181037454,0.478,0.0164954431119674,0.1333333333333333,0,-0.6393518397262463,2.87270679188444,0.163437960859841,-0.457449570889094,-0.6182943020988788,0.4417063547404163,0.8323368279577557,train
3.933333333333334,0.2057826253328712,0.1425583982202415,0.4514591159045671,0.49,-0.0492610090185081,0.1333333333333333,0,-1.0287979668710925,2.646571518969548,0.4642192518352558,0.0192648819930395,0.3220974613512015,0.3447271923996816,0.8323368279577557,train
3.989333333333333,0.1862080079433272,0.3924360400444884,0.4601185354521884,0.49,-0.6962369436545339,0.1333333333333333,0,0.0915265084770991,2.049402750223256,1.213371163365277,1.1146511954438934,0.3220974613512015,-0.6094481343213999,0.8323368279577557,train
3.9532,0.1459201608186248,-0.224142380422696,0.4620134197185186,0.49,-0.6162481784618015,0.1,0,-0.6313495220451975,0.8203292217798083,-0.6351771858545407,1.3543474336844423,0.3220974613512015,-0.4914788219006386,0.1986868557060452,train
3.958666666666666,0.1306336693029617,-0.3323159065628506,0.4557047289638325,0.478,-0.4819867809504083,0.1333333333333333,0,-0.5219845137374083,0.3539796050697876,-0.95948953046134,0.5563200981945696,-0.6182943020988788,-0.2934669547227138,0.8323368279577557,train
3.9402,0.09953940593219,0.5140378197997736,0.459692940994312,0.506,0.9171239134515544,0.0666666666666666,0,-0.8914248466796099,-0.5946224852124543,1.5779424194570848,1.0608149837123133,1.5759531459513043,1.7699744075916226,-0.4349631165456655,train
3.9914666666666654,0.0849045477122528,0.1106829810900934,0.4623039404259209,0.506,0.1958301675552309,0.0666666666666666,0,0.1342055361094071,-1.0410925280264052,0.3686543605567353,1.3910972879803831,1.5759531459513043,0.7061934247028447,-0.4349631165456655,train
4.033133333333333,0.1118519060583631,0.2015305895439303,0.4637470574929111,0.506,-0.3036298886922397,0.0333333333333333,0,0.9677802945530116,-0.2190013226520664,0.6410223044602252,1.5736465541517737,1.5759531459513043,-0.0304220146676615,-1.0686130887973762,train
4.025733333333333,0.1471060690643168,-0.1485917686318179,0.4533321078414808,0.4880000000000001,-0.4558203540157359,0.1,0,0.8197374174534342,0.8565080830486007,-0.4086707852530489,0.2561918170625698,0.1653655007761925,-0.2548760927866196,0.1986868557060452,train
4.019533333333333,0.1388819002686175,-0.2771879866518412,0.4473380526328309,0.4880000000000001,-0.0375539823566906,0.1666666666666666,0,0.6957014933970302,0.6056108800047836,-0.7942118918599054,-0.5020352213106481,0.1653655007761925,0.3619929906959605,1.4659868002094665,train
3.9962,0.139879328947013,-0.0002402669633027,0.4375716322310363,0.4680000000000001,-0.9324205292360386,0.1333333333333333,0,0.2288996286686082,0.6360397381498157,0.036098143419196,-1.737453274530128,-1.4019541049739417,-0.9577772419027686,0.8323368279577557,train
3.97,0.1355994100282151,-0.1992614015572926,0.4378075680783359,0.4680000000000001,-1.2131586844940068,0.0666666666666666,0,-0.2952521794407276,0.5054709581726524,-0.5605821450910883,-1.7076082142968092,-1.4019541049739417,-1.3718164768660368,-0.4349631165456655,train
3.9362666666666666,0.1378402295735497,-0.2775350389321506,0.4425744381833787,0.486,-0.9647601977954317,0.0333333333333333,0,-0.9701143038766776,0.5738323172858527,-0.795252380625913,-1.1046158032758644,0.0086335402011747,-1.00547254579544,-1.0686130887973762,train
3.936333333333333,0.1096249160648354,0.1904249165739668,0.4488074568602145,0.486,-0.3596884608100437,0.0333333333333333,0,-0.968780584263177,-0.2869407794485807,0.6077266639477891,-0.3161607212068788,0.0086335402011747,-0.1130985154498969,-1.0686130887973762,train
3.968333333333333,0.0839207297923992,0.30943715239154,0.446729000625659,0.486,0.6088994289066019,0.0333333333333333,0,-0.3285951697784771,-1.071106158647014,0.964534273093175,-0.5790781719572776,0.0086335402011747,1.3153976876560174,-1.0686130887973762,train
4.0078000000000005,0.0616427340946738,-0.0072880978865438,0.4460309406308043,0.486,1.5525389103226015,0.0,0,0.4609668414193185,-1.7507477064839692,0.0149682177093957,-0.6673803220178428,0.0086335402011747,2.7070993913578203,-1.7022630610490868,train
4.038333333333333,0.0882150150988417,0.1893570634037772,0.4498595336324441,0.486,-0.0869140693426397,0.0,0,1.07181042440678,-0.940099098940022,0.6045251600523601,-0.1830766858783978,0.0086335402011747,0.2891955733495248,-1.7022630610490868,train
4.016866666666667,0.1449502749987809,-0.0345183537263656,0.4532312139883278,0.486,-0.1702880042281318,0.0333333333333333,0,0.6423527088566452,0.7907406219448996,-0.066670131624004,0.2434290972004077,0.0086335402011747,0.1662337330391252,-1.0686130887973762,train
4.028133333333333,0.1489670507938658,-0.0702647385984469,0.4528639236385841,0.474,-0.4687140277460067,0.0333333333333333,0,0.8677513235397807,0.9132816151171116,-0.1738404745234421,0.1969681514107694,-0.9317582232489056,-0.2738919860920443,-1.0686130887973762,train
4.038333333333333,0.1469004954231113,0.631341490545044,0.4594937794283328,0.4800000000000001,-0.862417454109186,0.1,0,1.07181042440678,0.8502365858457495,1.929627622369786,1.0356217415626203,-0.461562341523861,-0.8545350600769137,0.1986868557060452,train
4.018133333333334,0.1291437786173052,-0.4038086763070124,0.4619214940513882,0.4800000000000001,-0.9753603766214988,0.0666666666666666,0,0.667693381513337,0.3085270596322835,-1.173830216260214,1.34271915801588,-0.461562341523861,-1.0211059388680193,-0.4349631165456655,train
3.9692666666666656,0.1378293469798392,-0.6259488320356,0.4659589395358064,0.4860000000000001,0.0796877836220275,0.1,0,-0.3099230951893601,0.573500318710475,-1.8398230641065143,1.8534419034163616,0.0086335402011791,0.5349039049497265,0.1986868557060452,train
3.906733333333334,0.0799974721822857,0.1373526140155666,0.4640385041495301,0.4860000000000001,-0.5761810000291394,0.0333333333333333,0,-1.5609520926614948,-1.19079416428627,0.4486119203450377,1.6105135377880049,0.0086335402011791,-0.4323868046785681,-1.0686130887973762,train
3.935,0.0864249192459366,0.1156751946607268,0.4623780559960287,0.498,-0.2495801354302416,0.0666666666666666,0,-0.9954549765333606,-0.994710094145894,0.3836213912678569,1.4004726486108807,0.9490253036512551,0.0492918328141226,-0.4349631165456655,train
3.955000000000001,0.1015069784136374,-0.0850278086763124,0.4541965800546426,0.498,-0.7345117569095132,0.0333333333333333,0,-0.5953390924804198,-0.5345971568608178,-0.2181012658777306,0.3655445312310428,0.9490253036512551,-0.6658967292189891,-1.0686130887973762,train
3.94,0.1234374335442858,-0.3294327030033432,0.4501571577423452,0.498,0.1264634525774952,0.0666666666666666,0,-0.8954260055201387,0.1344418658590101,-0.9508454699436952,-0.145428275988354,0.9490253036512551,0.6038897617935203,-0.4349631165456655,train
3.9744000000000006,0.129189679670372,0.2344471635150101,0.441863779914127,0.482,0.308415177044437,0.1,0,-0.2072266849490746,0.3099273769308824,0.7397086620367795,-1.1945115910244664,-0.304830380948852,0.8722364449485585,0.1986868557060452,train
3.9552,0.1183279059788236,-0.0135083426028953,0.4498384895344846,0.482,0.1907739360488185,0.1666666666666666,0,-0.5913379336398998,-0.0214360358348511,-0.0036805424814693,-0.185738690734142,-0.304830380948852,0.6987363755433228,1.4659868002094665,train
4.0356,0.1401583865964979,0.2058286985539428,0.453528830395599,0.4840000000000001,0.6259916507235461,0.1666666666666666,0,1.0171279202528765,0.6445530342023421,0.653908357639325,0.2810765327346892,-0.1480984203738342,1.3406056984389023,1.4659868002094665,train
3.942133333333333,0.093040397438723,-0.0603870967741998,0.4591043454379408,0.494,0.4912130384313897,0.0333333333333333,0,-0.8527469778878218,-0.7928897015202669,-0.1442265634907444,0.9863597026093076,0.6355613825012283,1.1418310307362602,-1.0686130887973762,val
3.8813333333333335,0.102894552279938,-0.2086585094549531,0.4631145286715443,0.512,-0.2121361761698672,0.0666666666666666,0,-2.069099265408724,-0.4922660215546504,-0.5887553793708392,1.4936338685464554,2.0461490276763445,0.1045150646969258,-0.4349631165456655,val
3.8914,0.0995846708417851,-0.324440489432709,0.4565011865628975,0.512,-0.6055871285288039,0.0666666666666666,0,-1.8677076037687617,-0.5932415749350081,-0.9358784392325712,0.6570692013488775,2.0461490276763445,-0.4757556546877336,-0.4349631165456655,val
3.873800000000001,0.0873511686622833,0.2933125695216853,0.4465700392995482,0.512,0.1767555044663002,0.0666666666666666,0,-2.2198095817353205,-0.966452723260719,0.916191564272222,-0.5991862242386364,2.0461490276763445,0.6780616629005851,-0.4349631165456655,val
3.9610666666666656,0.1204543989326344,0.5357419354838637,0.433921959189284,0.466,-0.7339559831828293,0.0666666666666666,0,-0.4739706076510617,0.0434375273977653,1.6430129861316385,-2.1991241609585623,-1.5586860655489592,-0.6650770610538356,-0.4349631165456655,val
4.004933333333333,0.1099596693742252,0.3476395995550556,0.4357808317644701,0.4680000000000001,-0.9490705820418572,0.0333333333333333,0,0.4036168980383779,-0.2767283590664174,1.0790680749520944,-1.963983275809128,-1.4019541049739417,-0.982333131427242,-1.0686130887973762,val
4.018666666666666,0.10533291139156,-0.2382914349277029,0.442584078641185,0.478,-0.7199733409231137,0.0333333333333333,0,0.6783631384213962,-0.4178782631902684,-0.6775971124689587,-1.1033963190508171,-0.6182943020988788,-0.6444551313462121,-1.0686130887973762,val
3.9902,0.078745751208134,-0.1515550611790953,0.4443864684408531,0.478,-0.5627900419271437,0.0,0,0.1088648634527331,-1.228980794352785,-0.417554958562868,-0.8754003076319942,-0.6182943020988788,-0.4126375046844835,-1.7022630610490868,val
3.967533333333333,0.0778180498913258,-0.0699710789766417,0.4475074673492425,0.478,-0.7901896690562289,0.0,0,-0.3445998051405926,-1.2572824588041458,-0.17296006095219,-0.4806048516843795,-0.6182943020988788,-0.7480118237218905,-1.7022630610490868,val
3.9581333333333335,0.0789040486216575,-0.0463448275862094,0.4431986762916454,0.486,0.3554588175812494,0.0333333333333333,0,-0.5326542706454674,-1.2241515673161412,-0.1021267872658618,-1.0256518639067942,0.0086335402011747,0.94161751258381,-1.0686130887973762,val
3.9742,0.0887773995263809,0.1786251390433738,0.4511398896129669,0.51,0.6734558707474632,0.0333333333333333,0,-0.2112278437896123,-0.9229422672394384,0.5723500459033052,-0.0211161283956511,1.889417067101331,1.4106070465947051,-1.0686130887973762,val
3.974,0.1018953711738991,0.130117908787536,0.4544395816094075,0.51,0.3411596080778887,0.0333333333333333,0,-0.2152290026301501,-0.5227483415394357,0.4269217314535182,0.3962833787684571,1.889417067101331,0.9205287020588896,-1.0686130887973762,val
4.015533333333334,0.0983092851950188,0.1768631813125655,0.4670728708313797,0.51,0.7706985810730598,0.0666666666666666,0,0.6156783165864528,-0.6321501503211571,0.5670675644758607,1.9943503198044668,1.889417067101331,1.5540228831487637,-0.4349631165456655,val
4.053400000000001,0.1211524108991095,0.5364627363737453,0.4667638946333932,0.494,-0.3811095017098598,0.1,0,1.3732310570600086,0.0647319894194217,1.6451740012610636,1.9552659104401575,0.6355613825012283,-0.1446907704397003,0.1986868557060452,val
4.0511333333333335,0.1088040236184101,-0.3561557285873214,0.4624750804097449,0.494,-1.25624603325809,0.1333333333333333,0,1.3278845902006635,-0.3119839934102882,-1.0309631049267558,1.4127458979055734,0.6355613825012283,-1.435362712334043,0.8323368279577557,val
4.042,0.1133607809900172,-0.3081290322580711,0.4548574868388266,0.494,-0.9531803808152456,0.1,0,1.1451650031498182,-0.172969619084294,-0.8869754672299186,0.449146929969295,0.6355613825012283,-0.9883943593298872,0.1986868557060452,val
3.9758,0.0978915726709913,0.0298197997775251,0.454154305642183,0.486,-1.226812682850681,0.1,0,-0.1792185730653725,-0.6448934325370678,0.1262204780754937,0.3601969657778693,0.0086335402011747,-1.3919537148150156,0.1986868557060452,val
3.940733333333333,0.1485193440449948,-0.5378509454950009,0.4611653354998256,0.492,-1.2253308372425038,0.0666666666666666,0,-0.880755089771524,0.8996232900187353,-1.5756989927337528,1.2470677435503452,0.4788294219262106,-1.3897682540557557,-0.4349631165456655,val
3.9057333333333335,0.1274830533399985,-0.1082803114571776,0.4580784503408414,0.492,-1.0218771817898546,0.0333333333333333,0,-1.580957886864148,0.2578628116759028,-0.2878140132006567,0.8565875576959968,0.4788294219262106,-1.089710017309526,-1.0686130887973762,val
3.881266666666667,0.1218408616005138,-0.0949588431590703,0.4547523868363237,0.492,-1.3483053603977229,0.0333333333333333,0,-2.070432985022234,0.0857347630378599,-0.2478752521052039,0.4358521469122683,0.4788294219262106,-1.5711339734406855,-1.0686130887973762,val
3.889933333333333,0.0955858892422005,-0.1854593993325976,0.4514257414016175,0.486,-1.436564724758003,0.0666666666666666,0,-1.8970494352659737,-0.7152336137466982,-0.5192027072426855,0.0150431239931835,0.0086335402011747,-1.7013009600567215,-0.4349631165456655,val
3.9407333333333336,0.1404036878274768,0.6088097886540562,0.4576448404603727,0.486,-1.0733726291863126,0.1333333333333333,0,-0.8807550897715151,0.6520365129932918,1.862075890176273,0.8017374230154466,0.0086335402011747,-1.165656714417829,0.8323368279577557,val
3.955866666666666,0.1340805064959937,0.2223804226918738,0.4597927069162074,0.502,0.1813029046299914,0.1333333333333333,0,-0.5780007375048036,0.4591333090564294,0.7035316680184508,1.0734350242117958,1.2624892248012776,0.6847682756270114,0.8323368279577557,val
3.9704666666666655,0.1126915357168506,-0.4338420467185832,0.459215417859636,0.502,1.9022263810247724,0.1,0,-0.2859161421461691,-0.1933864868990217,-1.2638725133191189,1.0004099758242315,1.2624892248012776,3.2228266985801888,0.1986868557060452,val
4.129588888888889,0.073328569710601,0.4357152391546086,0.4412447051408263,0.4679999999999999,0.1118866664870186,0.1333333333333333,1,2.897450288699408,-1.394244387534685,1.343125448327033,-1.2728223865630075,-1.40195410497395,0.5823915747886997,0.8323368279577557,train
4.197533333333333,0.0827408538080728,0.5215127919910986,0.4433674172361639,0.4679999999999999,-0.2992094486614416,0.1333333333333333,1,4.25673286146812,-1.1071009918951935,1.600352946725081,-1.0043067240705874,-1.40195410497395,-0.0239026457316119,0.8323368279577557,train
4.268000000000001,0.0665652562027167,0.3487608453837514,0.4452644158250242,0.4640000000000001,-0.9055743831105456,0.0666666666666666,1,5.666474492947962,-1.6005748367983237,1.0824296540422849,-0.7643430314182377,-1.7154180261239682,-0.9181839141155378,-0.4349631165456655,train
4.345866666666667,0.083855325147277,0.4821890989988824,0.4494123570471407,0.4640000000000001,-0.6814645385222415,0.0666666666666666,1,7.224259001527363,-1.073101477923026,1.4824575657759569,-0.2396429613132843,-1.7154180261239682,-0.5876614437523123,-0.4349631165456655,train
4.4266,0.1001640654127018,0.6545672969966573,0.4418440147080565,0.4640000000000001,0.166206855051632,0.0333333333333333,1,8.839393453487688,-0.5755658096494289,1.9992603320953348,-1.1970118205251892,-1.7154180261239682,0.6625042666160236,-1.0686130887973762,train
4.520133333333334,0.0701235734653871,0.4568809788653982,0.4372218353803173,0.466,-0.6053453691853039,0.0333333333333333,1,10.710602071241912,-1.4920201766345622,1.4065819234543178,-1.7817013538221251,-1.5586860655489592,-0.4753991023212197,-1.0686130887973762,train
4.590066666666667,0.059519147245982,0.3915550611790797,0.4359506088232167,0.478,-0.2706238490818498,0.1333333333333333,1,12.10967394581366,-1.8155326122894064,1.2107299226515411,-1.942507071143648,-0.6182943020988788,0.0182560689255564,0.8323368279577557,train
4.6744,0.0833217058554772,0.5461001112346984,0.4328460850387044,0.478,-0.669592438470417,0.1666666666666666,1,13.796829256903504,-1.0893807629339098,1.674067573917286,-2.3352184814911934,-0.6182943020988788,-0.5701521913375561,1.4659868002094665,train
4.762666666666666,0.0914918332724596,0.6072347052280195,0.4287030051990149,0.478,0.3128597395563943,0.1666666666666666,1,15.562674025190445,-0.8401322165635535,1.8573536719304944,-2.8593036037066533,-0.6182943020988788,0.8787913902872363,1.4659868002094665,train
4.850933333333333,0.0656104327747417,0.4108565072302517,0.430357835605054,0.494,0.8123497315125299,0.1,1,17.328518793477382,-1.629703923692175,1.268597105561405,-2.649973339952956,0.6355613825012283,1.6154509795450362,0.1986868557060452,train
4.919933333333334,0.0642567419722544,0.3877107897664033,0.4414494308525043,0.494,-0.8314470526053146,0.1,1,18.70891859346001,-1.6710013781301012,1.1992045086280154,-1.2469252994256694,0.6355613825012283,-0.8088591834459469,0.1986868557060452,train
4.989000000000001,0.0787430420206551,0.4033014460511628,0.4479310958916188,0.494,-0.7950218570152892,0.1666666666666666,1,20.090652113056144,-1.229063444354002,1.2459464655012529,-0.4270173213938962,0.6355613825012283,-0.7551384481877725,1.4659868002094665,train
5.076066666666666,0.0989942534808067,0.5595283648498235,0.4478782572679023,0.476,-0.6474336209647276,0.1333333333333333,1,21.832489928299875,-0.611253615808421,1.714326485402278,-0.4337012226556727,-0.7750262626738965,-0.5374718460552561,0.8323368279577557,train
5.179266666666668,0.106200418496769,0.6128676307007724,0.4473608535995672,0.488,0.6467789594021713,0.1,1,23.89708789001304,-0.3914129617446829,1.8742416049788904,-0.499150978693804,0.1653655007761838,1.3712633102420952,0.1986868557060452,train
5.2522,0.0654692803280031,0.3338375973303554,0.4566726033677372,0.5,-0.5451918037659835,0.1,1,25.35617714719271,-1.634010104045383,1.0376886371036762,0.678752828165238,1.105757264226264,-0.3866832090945137,0.1986868557060452,train
5.332466666666666,0.0741020617496946,0.3901134593993263,0.4583858636563741,0.5,-0.4719119480564813,0.1333333333333333,1,26.96197556185846,-1.3706472321252874,1.20640789239272,0.8954742678912108,1.105757264226264,-0.2786083541881648,0.8323368279577557,train
5.379133333333333,0.0792459182264649,0.4738865406006624,0.4613251926064014,0.5,1.546161198633408,0.1333333333333333,1,27.895579291315304,-1.213722047958911,1.4575658729890086,1.267289108930323,1.105757264226264,2.697693392140566,0.8323368279577557,train
5.462533333333335,0.0685875272107757,0.3974015572858644,0.4483727615872013,0.47,-0.7144831575564061,0.1,1,29.564062527816063,-1.538880803963791,1.228258156479005,-0.3711481542515398,-1.2452221443989324,-0.6363580797756093,0.1986868557060452,train
5.534000000000001,0.0869252552484028,0.5837419354838628,0.4471241438347967,0.478,-0.8801358892205049,0.0666666666666666,1,30.993809953498527,-0.9794461925019312,1.7869205862311002,-0.5290939367828335,-0.6182943020988788,-0.8806666249562785,-0.4349631165456655,train
5.639600000000001,0.0950696586719442,0.6427408231368122,0.4357494693054714,0.478,0.1737802707430664,0.0666666666666666,1,33.10642182129801,-0.7309824157740535,1.9638036764534728,-1.96795051728004,-0.6182943020988788,0.6736737182214135,-0.4349631165456655,train
5.7165333333333335,0.0690274019663366,0.3860289210233535,0.4352957615231281,0.478,-0.3643914853134968,0.0666666666666666,1,34.64553425528827,-1.5254614118523928,1.1941621399927114,-2.025342966317976,-0.6182943020988788,-0.1200346466132365,-0.4349631165456655,train
5.789933333333333,0.0617726656557915,0.3302068965517154,0.436777746685886,0.474,-0.8071984198999713,0.1,1,36.11395954976252,-1.746783845079689,1.0268035238592317,-1.837877021851975,-0.9317582232489056,-0.7730967295500735,0.1986868557060452,train
5.882133333333334,0.1176672521231894,0.7470166852057807,0.4487385281727731,0.478,0.1971895484990322,0.1,1,37.95849377524655,-0.0415908026783316,2.2764305318419744,-0.3248799593050316,-0.6182943020988788,0.7081982716944407,0.1986868557060452,train
5.9732666666666665,0.0954979697282734,0.5651345939933171,0.452796495863944,0.478,0.4919192038017375,0.1333333333333333,1,39.7816884869144,-0.7179158009300192,1.7311343808532746,0.1884387735372206,-0.6182943020988788,1.1428725000350368,0.8323368279577557,train
6.051199999999999,0.0529467657180303,0.160605116796432,0.4520228607788179,0.478,-0.1219106205744435,0.2,1,41.3408067151073,-2.0160382419357994,0.5183246676679643,0.0905766386455959,-0.6182943020988788,0.2375818363957639,2.099636772461177,train
6.097066666666666,0.071864192907332,0.3606674082313632,0.4596204231029485,0.518,0.3329934491370561,0.2666666666666666,1,42.25840580920202,-1.4389185732511267,1.1181264224763112,1.0516417238600693,2.516344909401385,0.9084850587666412,3.3669367169645983,train
6.168666666666668,0.0853906057804695,0.4817619577308039,0.4668287337628936,0.518,-0.3677732933156203,0.2666666666666666,1,43.69082067411156,-1.02626420763782,1.481176964217777,1.963467833749252,2.516344909401385,-0.1250222166024503,3.3669367169645983,train
6.2602666666666655,0.094169681367672,0.6259221357063299,0.4671403786158218,0.518,-0.3147430474682822,0.1666666666666666,1,45.52335142307394,-0.7584382953959437,1.9133799901004789,2.0028898186383777,2.516344909401385,-0.0468119626368995,1.4659868002094665,train
6.356199999999999,0.0901943826780064,0.596529477196875,0.4575052640862907,0.508,1.5784513321474218,0.1333333333333333,1,47.442573946914514,-0.8797139339774854,1.8252585953788372,0.784081499427296,1.7326851065263178,2.745315640583137,0.8323368279577557,train
6.461733333333332,0.0963669837421279,0.6279510567296955,0.45755101719189,0.494,0.7843933154520943,0.0666666666666666,1,49.55385209510048,-0.6914045277669495,1.9194628475018096,0.7898691074067662,0.6355613825012283,1.574220199541722,-0.4349631165456655,train
6.533600000000001,0.070139670182667,0.3773793103448108,0.4642025420007952,0.502,-0.6180040859653779,0.1,1,50.99160183846404,-1.49152910921559,1.1682299584397158,1.6312637527620626,1.2624892248012776,-0.4940684755897818,0.1986868557060452,train
6.607399999999999,0.0653955146270242,0.3400311457174579,0.4630657260764034,0.502,-0.6831561339308134,0.0666666666666666,1,52.46802945061933,-1.6362604965793794,1.0562573596971727,1.4874605107960543,1.2624892248012776,-0.5901562484509787,-0.4349631165456655,train
6.6601333333333335,0.0714085584662107,0.4417174638487108,0.4523806656640695,0.502,0.0371381534000052,0.1,1,53.52300166490558,-1.4528187508529693,1.361120568139241,0.1358377063228323,1.2624892248012776,0.4721507094358936,0.1986868557060452,train
6.745666666666667,0.0738504494833233,0.4789054505005483,0.4450532552403139,0.486,-0.4483810015606941,0.1,1,55.234163929038615,-1.378323243580338,1.472612941297509,-0.7910541075082496,0.0086335402011747,-0.2439043607957284,0.1986868557060452,train
6.822533333333333,0.0796290287660361,0.5204182424916448,0.4384201941820959,0.486,-0.7348093875327493,0.0666666666666666,1,56.77194264341538,-1.202034378940579,1.597071405232238,-1.630113152921041,0.0086335402011747,-0.6663356818630751,-0.4349631165456655,train
6.8948,0.0557723946052167,0.3475862068965435,0.4475254927561855,0.49,-0.4518033723032557,0.0333333333333333,1,58.21769470445997,-1.9298359274835968,1.078907999757315,-0.4783247006937532,0.3220974613512015,-0.2489517536686665,-1.0686130887973762,train
6.989066666666667,0.0978757488973761,0.6123070077864194,0.4449226149942631,0.49,0.5120811868845045,0.0333333333333333,1,60.1035742379628,-0.64537617318117,1.87256081543378,-0.8075796421267074,0.3220974613512015,1.1726078669404023,-1.0686130887973762,train
7.059266666666667,0.092989581256301,0.521192436040035,0.4542291638956412,0.49,-0.7427693648815072,0.1,1,61.507980990988585,-0.7944399661556075,1.599392495556432,0.3696662732569697,0.3220974613512015,-0.6780752436934799,0.1986868557060452,train
7.158533333333334,0.0752665190432564,0.3891790878754069,0.4532784280476331,0.484,-0.122096218055419,0.1,1,63.49388949550463,-1.3351227815362603,1.203606576484209,0.2494015107185575,-0.1480984203738429,0.2373081128651538,0.1986868557060452,train
7.217533333333334,0.0867251341243637,0.5210322580645089,0.4555993854253976,0.484,-0.5388317135746759,0.1,1,64.67423135346078,-0.9855513481156684,1.598912269972125,0.5429945086931627,-0.1480984203738429,-0.3773031984768381,0.1986868557060452,train
7.297599999999998,0.0564609599635005,0.3427274749721785,0.4495028364760338,0.488,0.0496128645423294,0.0666666666666666,1,66.27602860928597,-1.9088296559930835,1.064341157033106,-0.2281976297280283,0.1653655007761838,0.4905487068616784,-0.4349631165456655,train
7.3790666666666676,0.0867144483667835,0.5632925472747435,0.4607881653572858,0.512,-0.4968834492443799,0.1333333333333333,1,67.90583397699497,-0.9858773417517288,1.7256117866336702,1.1993570384957606,2.0461490276763445,-0.3154369115255929,0.8323368279577557,train
7.469266666666667,0.0950992230369008,0.6304338153503747,0.4695193286756148,0.512,-0.4965504889665038,0.1333333333333333,1,69.71035661407367,-0.7300804867570763,1.9269063440586471,2.303818688240987,2.0461490276763445,-0.3149458538758113,0.8323368279577557,train
7.557133333333332,0.06605186514315,0.4168631813125596,0.4692503240986272,0.512,-1.041928612395242,0.1333333333333333,1,71.46819906467952,-1.6162370130148829,1.2866055649731671,2.269790549256916,2.0461490276763445,-1.1192823388208109,0.8323368279577557,train
7.6179999999999986,0.0618406554514638,0.3057263626251311,0.4587110928096973,0.502,-0.426725221908109,0.1,1,72.68588507181394,-1.744709659834536,0.953409047056559,0.9366146193115636,1.2624892248012776,-0.2119659075717612,0.1986868557060452,train
7.684866666666666,0.0722286800531632,0.3967341490544926,0.4542168351496159,0.4800000000000001,-0.5718277188535219,0.1,1,74.02360584416427,-1.4277990537341758,1.226257216544352,0.368106729966122,-0.461562341523861,-0.4259664832018652,0.1986868557060452,train
7.769866666666664,0.0943199283761861,0.5565650723025506,0.4626539383455702,0.5120000000000001,1.0611283317430793,0.1,1,75.72409835138919,-0.7538546644979972,1.7054423120924722,1.4353708017894562,2.046149027676353,1.9823555109937083,0.1986868557060452,train
7.856266666666666,0.0772074838053639,0.4861935483870871,0.4624677286038454,0.5120000000000001,0.7114553179658598,0.0666666666666666,1,77.45259897049787,-1.2759091829201878,1.4944632053837963,1.4118159201493146,2.046149027676353,1.4666495251843177,-0.4349631165456655,train
7.9388,0.0677772823297009,0.4267141268075538,0.4518765318092986,0.5120000000000001,0.022138434886759,0.0666666666666666,1,79.10374385202299,-1.5635991894313328,1.3161394384084846,0.0720665353307762,2.046149027676353,0.4500287717456567,-0.4349631165456655,train
8.0024,0.0708846951040916,0.434829810900987,0.4476987082104809,0.476,-1.0664493105604282,0.0666666666666666,1,80.37611236331132,-1.468800408768547,1.3404708680137218,-0.4564135510064215,-0.7750262626738965,-1.1554460412564482,-0.4349631165456655,train
8.099533333333333,0.1006587414098857,0.6319288097886501,0.4478682842086499,0.4880000000000001,-0.0697310957668495,0.0666666666666666,1,82.31934184019507,-0.5604745794972376,1.9313884495122773,-0.4349627798014228,0.1653655007761925,0.31453742696104,-0.4349631165456655,train
8.203733333333334,0.1219865930702585,0.7882892102335806,0.4460384138913001,0.4880000000000001,-0.51311425495566,0.0333333333333333,1,84.40394559611084,0.0901806370298341,2.40016865740022,-0.6664349806795506,0.1653655007761925,-0.3393744855734124,-1.0686130887973762,train
8.311133333333334,0.0925745585400702,0.4411568409343581,0.4346894677046286,0.4880000000000001,0.3761145482718309,0.0666666666666666,1,86.55256789347509,-0.8071011895921214,1.3594397785941317,-2.102037015735719,0.1653655007761925,0.9720810700752276,-0.4349631165456655,train
8.355866666666666,0.0674367522613268,0.0911412680756259,0.419786930080805,0.444,-0.4023808606256365,0.1333333333333333,1,87.44749375414011,-1.573987843145746,0.3100668392703918,-3.9871559499842673,-3.2827376318741024,-0.1760622709185876,0.8323368279577557,train
8.433533333333333,0.107759835849087,0.4342157953281301,0.4215656532498823,0.446,-0.6409970896444186,0.2,1,89.001277103879,-0.3438393452742649,1.3386300032738565,-3.762153684634921,-3.126005671299089,-0.5279790982624633,2.099636772461177,train
8.478066666666667,0.1075849844954622,0.5296818687430404,0.4303991945469538,0.4600000000000001,0.621465780985647,0.2,1,89.89220180570355,-0.3491735883646809,1.6248444515250866,-2.6447415783265797,-2.028881947273995,1.3339308392908775,2.099636772461177,train
8.578266666666668,0.0808500395107443,0.3187007786429282,0.4423858044738777,0.4680000000000001,-0.5972388506256054,0.1666666666666666,1,91.89678238480874,-1.1647846351252606,0.9923073193860016,-1.128477308369428,-1.4019541049739417,-0.4634434180659431,1.4659868002094665,train
8.645933333333335,0.1138425618513959,0.7417575083425959,0.4478008485923179,0.474,-0.5204001591201508,0.1333333333333333,1,93.2505077925212,-0.1582717847374162,2.260663125156984,-0.4434931496215959,-0.9317582232489056,-0.3501199084159522,0.8323368279577557,train
8.744666666666665,0.0781252555551372,0.4913726362624998,0.451457048529167,0.474,0.1044596861353164,0.0666666666666666,1,95.2257465401291,-1.2479104427713763,1.5099904992766064,0.0190033662291277,-0.9317582232489056,0.5714380894668334,-0.4349631165456655,train
8.816933333333335,0.0631394928357483,0.3743893214682869,0.4606967187496202,0.4980000000000001,0.2121340012631649,0.0333333333333333,1,96.67149860117374,-1.705085635204089,1.1592657475325356,1.1877893621754878,0.9490253036512596,0.7302387021579111,-1.0686130887973762,train
8.900200000000002,0.0870821068494174,0.5648142380422582,0.4616688567938424,0.4980000000000001,-0.6057773456087951,0.0666666666666666,1,98.33731439844745,-0.974661073304464,1.73017392968464,1.3107614277475266,0.9490253036512596,-0.4760361913116355,-0.4349631165456655,train
8.963333333333335,0.0728474814633669,0.4111768631813039,0.4644105941944047,0.4980000000000001,-0.7028342788980311,0.1,1,99.6003468724412,-1.408921092092526,1.2695575567300197,1.6575816282397453,0.9490253036512596,-0.6191780395225784,0.1986868557060452,train
9.073333333333332,0.1001217037188016,0.5815528364849687,0.456145883097356,0.4840000000000001,-1.3127793306315478,0.1333333333333333,1,101.80098423473228,-0.5768581506482297,1.7803575032454546,0.6121245545240572,-0.1480984203738342,-1.5187393490899157,0.8323368279577557,train
9.166200000000002,0.1261304615599785,0.8364226918798564,0.4507945577902792,0.4800000000000001,-1.4424945112283545,0.1666666666666666,1,103.65885565635143,0.2165988854485475,2.54447644548662,-0.06479939724421,-0.4615623415238567,-1.710046348625026,1.4659868002094665,train
9.2768,0.0689533175416528,0.4227630700778555,0.4541267077222685,0.4920000000000001,-1.2406376751414478,0.1666666666666666,1,105.87149649516417,-1.527721527786782,1.3042938739954073,0.3567059253463746,0.4788294219262193,-1.412343138640154,1.4659868002094665,train
9.3362,0.0445162142745016,0.264747497219123,0.4544391415066856,0.4920000000000001,-0.9741230980319528,0.1666666666666666,1,107.05984067080132,-2.2732316227920464,0.8305513350695255,0.3962277073120198,0.4788294219262193,-1.0192811713005996,1.4659868002094665,train
9.372800000000002,0.0378861452248707,0.1946162402669469,0.4614868723304417,0.4940000000000001,-0.5704313310061888,0.1,1,107.79205273861822,-2.475497143097229,0.6202925667373054,1.2877410290506397,0.6355613825012327,-0.4239070575584555,0.1986868557060452,train
9.690666666666663,0.0635868609768471,0.2818598442713931,0.4447330285313502,0.4840000000000001,-1.0958785662938264,0.0333333333333333,1,114.15122785583274,-1.691437640115358,0.8818554349937201,-0.8315616671975898,-0.1480984203738299,-1.1988489998539282,-1.0686130887973762,val
9.767599999999998,0.1061086235892257,0.6168453837597201,0.430084797840302,0.4680000000000001,-0.1768761817350914,0.0666666666666666,1,115.690340289823,-0.3942133767323125,1.8861672069893376,-2.684511663095713,-1.401954104973937,0.1565173338832027,-0.4349631165456655,val
9.867066666666666,0.1048525737510635,0.6860422691879752,0.4166994120466216,0.4540000000000002,0.0895142384973195,0.0666666666666666,1,117.68024995317964,-0.4325320687615107,2.093624659413042,-4.377716192339806,-2.4990778289990265,0.5493961917399864,-0.4349631165456655,val
9.957066666666664,0.0782708687117301,0.4581090100111141,0.428835477388085,0.5040000000000002,0.3203207299004287,0.1333333333333333,1,119.48077143141778,-1.2434681781944796,1.4102636529340546,-2.8425463346977726,1.4192211853763084,0.8897950343457852,0.8323368279577557,val
10.036666666666664,0.0746517842311144,0.4578420467185655,0.4410225995721006,0.5040000000000002,-0.9194748585206712,0.1,1,121.07323264994848,-1.3538766822417931,1.4094632769601938,-1.30091796488502,1.4192211853763084,-0.9386846622206378,0.1986868557060452,val
10.103066666666669,0.0701365018295671,0.3949454949944257,0.4503115958237512,0.5040000000000002,-0.838302097862317,0.1,1,122.40161738500429,-1.4916257671211792,1.2208946975195103,-0.1258923983562045,1.4192211853763084,-0.8189691654369584,0.1986868557060452,val
10.188133333333331,0.0903665621541265,0.5091523915461518,0.4423439084392747,0.4900000000000001,0.5620700584469307,0.0333333333333333,1,124.10344361184268,-0.8744612026616275,1.563295539135484,-1.1337770103459452,0.3220974613512059,1.246332630570645,-1.0686130887973762,val
10.2708,0.0996080318046695,0.5861446051167808,0.4388772037825617,0.4760000000000001,0.1542639272071171,0.0333333333333333,1,125.75725593259484,-0.5925288949799021,1.7941239699957896,-1.5723030354284209,-0.7750262626738835,0.6448905557065796,-1.0686130887973762,val
10.3726,0.1009635577820041,0.6131345939933052,0.4389888381268937,0.4760000000000001,-0.3468978634270128,0.0333333333333333,1,127.79384578242424,-0.5511754543082654,1.875041980952704,-1.558181680963506,-0.7750262626738835,-0.0942346415659676,-1.0686130887973762,val
10.4638,0.0870085819522035,0.5431368186874149,0.4485564995999204,0.4900000000000001,-0.171572951938725,0.1,1,129.6183742137056,-0.9769041195652236,1.6651834006074486,-0.3479059376934518,0.3220974613512059,0.1643386619307006,0.1986868557060452,val
10.5454,0.0728233479043637,0.4440400444938698,0.4472861872820727,0.4900000000000001,-0.075253551491691,0.1333333333333333,1,131.25084702064157,-1.4096573418709295,1.368083839111789,-0.5085960069441827,0.3220974613512059,0.3063927793575434,0.8323368279577557,val
10.6038,0.0618672772958369,0.3218776418242302,0.4507830224546322,0.4900000000000001,0.7370185516242551,0.1,1,132.41918540207612,-1.7438974991823135,1.0018317934748666,-0.0662585768946768,0.3220974613512059,1.5043507834881045,0.1986868557060452,val
10.667600000000002,0.0740799568034429,0.4018865406006557,0.446325143066502,0.4820000000000001,0.6605260535047259,0.1,1,133.69555507220502,-1.3713215944013717,1.2417044728397917,-0.6301647419578934,-0.3048303809488477,1.3915378479869185,0.1986868557060452,val
10.74353333333333,0.093678433424609,0.5720222469410283,0.4490379345519338,0.4780000000000002,0.4152029544663289,0.1333333333333333,1,135.21466171199253,-0.7734249448650033,1.7517840809787564,-0.2870060985815761,-0.6182943020988657,1.0297295709775434,0.8323368279577557,val
10.822466666666667,0.0775210652374924,0.331808676306994,0.4490541170059574,0.4840000000000001,0.3678127746725987,0.1333333333333333,1,136.79378573438822,-1.2663426593964169,1.0316057797023577,-0.2849590746952767,-0.1480984203738299,0.9598374190948118,0.8323368279577557,val
10.883666666666668,0.0650006837570873,0.2082046718576032,0.4522935624864307,0.4840000000000001,1.2678885363072163,0.1333333333333333,1,138.0181403395902,-1.6483057212584176,0.6610317038066201,0.1248194587233385,-0.1480984203738299,2.2872903241469857,0.8323368279577557,val
10.957599999999998,0.1005947646086348,0.4951101223581635,0.4517456511504383,0.4840000000000001,0.498832865801587,0.1666666666666666,1,139.49723539097243,-0.5624263391087313,1.521195762910608,0.0555105893320187,-0.1480984203738299,1.153068931377196,1.4659868002094665,val
11.050999999999998,0.1095417728540122,0.6957864293659501,0.4586320238855257,0.4900000000000002,-0.2958967733137854,0.2666666666666666,1,141.36577656949964,-0.2894772545095649,2.122838382458816,0.9266126767009214,0.3220974613512146,-0.019017034207361,3.3669367169645983,val
4.12185,0.0508299698340783,0.250725250278081,1.1843436614147655,1.276,-0.9677113583855363,0.1,2,2.742627670231156,-2.0806159737274847,0.7885115870427044,92.7265989101786,61.91775796733141,-1.009824986851619,0.1986868557060452,train
4.184933333333334,0.0831251800332219,0.5461535038932099,1.1757563806616858,1.276,-0.7851496093627599,0.1333333333333333,2,4.004659854514792,-1.0953762355895194,1.6742276491120636,91.6403379021567,61.91775796733141,-0.7405786251324947,0.8323368279577557,train
4.270933333333333,0.0906064505920462,0.5645739710789719,1.185316441574429,1.274,-1.0156542751147628,0.1666666666666666,2,5.725158155942367,-0.8671428535844435,1.7294535913081874,92.84965220111016,61.7610260067564,-1.0805323281684285,1.4659868002094665,train
4.363733333333333,0.0799395327037185,0.4856596218019959,1.168275310019004,1.264,-1.077026156647931,0.1333333333333333,2,7.581695857947978,-1.1925617414699865,1.4928624534360928,90.69400860757902,60.97736620388133,-1.1710450226573552,0.8323368279577557,train
4.443266666666667,0.0714375873674978,0.4227363737486004,1.1841333821266369,1.32,-0.0303342706173226,0.1666666666666666,2,9.172823356865146,-1.4519331573879903,1.3042138363980205,92.69999931502652,65.36586109998171,0.3726407913929354,1.4659868002094665,train
4.525000000000001,0.0743608319838698,0.4519421579532763,1.2058533354710543,1.342,-0.4212106795028401,0.1,2,10.807963603028142,-1.3627528503830857,1.3917749679379738,95.44749751527276,67.08991266630686,-0.2038329307181091,0.1986868557060452,train
4.5888,0.0650366050774484,0.3725205784204624,1.2320976151804424,1.342,-0.5623674228241802,0.1,2,12.08433327315697,-1.6472098586816477,1.1536631157155566,98.7673071909613,67.08991266630686,-0.4120142160904872,0.1986868557060452,train
4.6574,0.0696852925659354,0.3934771968854205,1.2421569949084537,1.38,0.0610473877687893,0.0666666666666666,2,13.456730755458524,-1.505390944495925,1.216492629663312,100.0397835752353,70.06781991723211,0.5074126106816021,-0.4349631165456655,train
4.732066666666666,0.0880204269221386,0.5705806451612857,1.2026783997949466,1.38,1.5031744154900508,0.0333333333333333,2,14.950496722589463,-0.9460354592571544,1.7474620507199674,95.04587924668446,70.06781991723211,2.634295473215534,-1.0686130887973762,train
4.816599999999999,0.0821545697653717,0.5196974416017713,1.184024605600182,1.38,1.9179553573854609,0.1,2,16.641653192519847,-1.124986936378708,1.594910390102837,92.6862394645368,70.06781991723211,3.246024162897608,0.1986868557060452,train
4.904333333333335,0.0734049650152418,0.4626740823136739,1.1773660433357165,1.298,1.0196506662683786,0.1666666666666666,2,18.396828203898743,-1.3919137728870288,1.4239500820870117,91.84395460564468,63.64180953365656,1.921183274304232,1.4659868002094665,train
4.990399999999999,0.0901500970604024,0.6004538375973251,1.1990372248878127,1.352,0.069399438792495,0.2333333333333333,2,20.11866022493982,-0.8810649686981901,1.837024122194549,94.58528334458951,67.87357246918191,0.5197304119902687,2.7332867447128875,train
5.066199999999999,0.0714466700880221,0.4216151279199065,1.2050801909693256,1.352,-0.6031467008262936,0.2333333333333333,2,21.63509942550043,-1.4516560680878814,1.3008522573078356,95.3496974374666,67.87357246918191,-0.4721564545077579,2.7332867447128875,train
5.145533333333333,0.0733060858470989,0.4344293659621769,1.176313223593104,1.352,-0.4565360856608,0.1333333333333333,2,23.222225765577065,-1.394930309553848,1.3392703040529688,91.71077658715896,67.87357246918191,-0.255931670652368,0.8323368279577557,train
5.225400000000001,0.0954891267806619,0.5754393770856447,1.1696969408070337,1.2719999999999998,-0.1882609742345757,0.1666666666666666,2,24.82002186256181,-0.7181855754054094,1.7620288934441584,90.87383993454314,61.604294046181366,0.1397267741092004,1.4659868002094665,train
5.308066666666665,0.0731363718603054,0.4123781979977681,1.1609910134593346,1.292,-0.5450692123168626,0.1,2,26.473834183313866,-1.4001078254416763,1.2731592486123795,89.77257054689852,63.17161365193152,-0.3865024083417253,0.1986868557060452,train
5.389733333333331,0.0695964239183465,0.3933437152391456,1.1750963081098218,1.292,-0.5463204052571653,0.1333333333333333,2,28.107640709863325,-1.5081020871867237,1.21609244167638,91.55684103089182,63.17161365193152,-0.388347697120938,0.8323368279577557,train
5.473933333333334,0.0968042469224475,0.6485873192435957,1.2004581903034637,1.32,-1.2283823694200913,0.0666666666666666,2,29.79212858172622,-0.6780648077707345,1.981331910280933,94.7650305042728,65.36586109998171,-1.394268725490118,-0.4349631165456655,train
5.574733333333333,0.0907413662865817,0.5993058954393751,1.1989743950560412,1.32,-1.1768234382073972,0.1333333333333333,2,31.80871263735297,-0.8630269397156318,1.833582505506974,94.57733559042188,65.36586109998171,-1.3182284009563487,0.8323368279577557,train
5.669266666666667,0.0821437493395302,0.5286140155728521,1.210007768570103,1.324,-1.14107674639725,0.1333333333333333,2,33.69992704930985,-1.125317038380115,1.621642947629662,95.97301878512452,65.67932502113173,-1.265508339032664,0.8323368279577557,train
5.738666666666668,0.0638087419994748,0.3727341490544981,1.174050424811473,1.324,-0.4583394783097709,0.1333333333333333,2,35.08832916697354,-1.6846686486988751,1.154303416494636,91.42454044836688,65.67932502113173,-0.2585913565508956,0.8323368279577557,train
5.811533333333331,0.0702446834682566,0.4208676307007712,1.231851776797842,1.386,-1.1083064827295142,0.1333333333333333,2,36.54608470453965,-1.4883254371739048,1.2986112045810276,98.73620949461566,70.53801579895713,-1.2171779833456495,0.8323368279577557,train
5.876933333333333,0.0783679072636809,0.4965517241379206,1.2355913563957943,1.386,-1.104714313745975,0.2,2,37.85446364539276,-1.2405077937621236,1.5255177931694408,99.20925324623556,70.53801579895713,-1.2118801680328837,2.099636772461177,train
5.971999999999999,0.0871825670647521,0.5581668520578362,1.2272144610186653,1.386,-1.1643017098565258,0.2,2,39.75634781425769,-0.9715963031531244,1.7102445679356195,98.14960525310444,70.53801579895713,-1.299761061445449,2.099636772461177,train
6.050066666666668,0.0853611673355567,0.5100867630700731,1.1671949280218792,1.298,-0.5050030397938987,0.2333333333333333,2,41.31813348167768,-1.0271622951739658,1.5660968550440006,90.55734406021055,63.64180953365656,-0.327411874658939,2.7332867447128875,train
6.1286,0.0643804318096734,0.3491612903225732,1.1604693877909922,1.242,-0.5429307678479924,0.1333333333333333,2,42.88925518639216,-1.6672279348771355,1.083630218003073,89.70658672261276,59.25331463755619,-0.3833485801380427,0.8323368279577557,train
6.208066666666667,0.090019973092395,0.5558976640711794,1.19065164230909,1.2979999999999998,0.0377388106237996,0.1333333333333333,2,44.479048965695824,-0.8850346999176023,1.703441372157821,93.52453645081326,63.64180953365654,0.4730365728383459,0.8323368279577557,train
6.272333333333335,0.0793256298780889,0.4051167964404839,1.2162295835902035,1.33,-0.5230460304219515,0.0333333333333333,2,45.76475467311926,-1.2112902605115368,1.251389022123478,96.76005664376636,66.14952090285678,-0.354022101648654,-1.0686130887973762,train
6.335800000000002,0.0678043263123133,0.2166407119020967,1.1871034214984526,1.33,-0.8248234722852192,0.1,2,47.03445574518057,-1.562774150480266,0.686323584580496,93.07569891710796,66.14952090285678,-0.7990905713884584,0.1986868557060452,train
6.413133333333334,0.1150289045800614,0.6026162402669575,1.186843320184542,1.33,-0.8131108497433193,0.1333333333333333,2,48.581570496851874,-0.1220796685652406,1.843507167582788,93.0427970097917,66.14952090285678,-0.7818165201566063,0.8323368279577557,train
6.500400000000001,0.1065012050010076,0.5767474972191231,1.1724501410863208,1.28,-1.248419125059521,0.1666666666666666,2,50.32740947093618,-0.3822367769530664,1.765950735716047,91.22211014913842,62.23122188848144,-1.4238194040164205,1.4659868002094665,train
6.595533333333333,0.0633123123009172,0.2968898776418117,1.178688253950127,1.28,0.5597989009371669,0.1333333333333333,2,52.230627359414605,-1.6998133795488957,0.926916602321883,92.01120962805815,62.23122188848144,1.242983074052545,0.8323368279577557,train
6.666133333333334,0.0840300475359193,0.5223403781979864,1.1557438009062966,1.266,0.6469036861582,0.1,2,53.64303643012146,-1.067771169206306,1.602834112244011,89.10881649470637,61.13409816445635,1.3714472601957384,0.1986868557060452,train
6.741466666666667,0.0735081552542906,0.4256462736373652,1.146141934200705,1.268,-0.1570789548766256,0.1,2,55.1501395933875,-1.388765717077144,1.312937934513059,87.89421390904305,61.29083012503136,0.1857147497290875,0.1986868557060452,train
6.826666666666665,0.0835756477024791,0.5203114571746237,1.171903010776347,1.27,-0.4948063950045909,0.1,2,56.85463325945296,-1.0816336822584875,1.5967512548426883,91.15290007680925,61.44756208560637,-0.3123736230757944,0.1986868557060452,train
6.9064000000000005,0.0886316722923207,0.574184649610674,1.1911074398782562,1.27,0.5419536138647296,0.0666666666666666,2,58.44976191721069,-0.927388012012106,1.758267126367035,93.58219325058177,61.44756208560637,1.2166644249170813,-0.4349631165456655,train
7.005866666666666,0.0849783240335767,0.5473281423804118,1.2286175971391586,1.306,-0.6176248757518623,0.1,2,60.43967158056724,-1.038841811494334,1.6777493033970154,98.3270970692527,64.26873737595662,-0.4935092074470172,0.1986868557060452,train
7.077133333333333,0.0685014517283313,0.4099221357063339,1.202504164926952,1.306,-0.6881053117523215,0.0666666666666666,2,61.8654178474092,-1.5415067347213445,1.265795789652899,95.0238391447264,64.26873737595662,-0.5974554123178617,-0.4349631165456655,train
7.154799999999999,0.0667724494084199,0.3966540600667319,1.2162366546030423,1.37,-0.8632640919717547,0.1,2,63.41920119714806,-1.5942539310518606,1.2260171037522052,96.76095110218164,69.28416011435702,-0.8557837015114446,0.1986868557060452,train
7.235000000000001,0.0942178327069774,0.6119599555061108,1.2257021389119511,1.37,-0.7494099617189387,0.0666666666666666,2,65.02366589220036,-0.7569693279349569,1.8715203266677745,97.95830179123688,69.28416011435702,-0.6878689521110021,-0.4349631165456655,train
7.328466666666667,0.0809356671821651,0.5153192436039994,1.2616854864294298,1.37,-0.1164119356376454,0.1,2,66.89354079034105,-1.162172365873946,1.5817842241315945,102.51006951262178,69.28416011435702,0.2456914262819123,0.1986868557060452,train
7.4294,0.0830648742449738,0.5263181312569387,1.2574345841169363,1.366,-0.7633676997923176,0.1333333333333333,2,68.91279228519484,-1.097216002497844,1.6147597142544723,101.97234522436956,68.97069619320702,-0.708454152538814,0.8323368279577557,train
7.506666666666666,0.0785371815695527,0.4959644048943175,1.2149307799212266,1.358,-0.6197870565048582,0.1,2,70.45857331725264,-1.2353436913530595,1.523756966026958,96.59576251815744,68.34376835090696,-0.4966980424808591,0.1986868557060452,train
7.597399999999999,0.0770630045265994,0.4713236929922009,1.204146890264362,1.358,-0.9782491498956664,0.1333333333333333,2,72.27376571123945,-1.2803168559434803,1.44988226363996,95.23163815959826,68.34376835090696,-1.0253663696431654,0.8323368279577557,train
7.670866666666666,0.0845074881626212,0.5438309232480528,1.1937105735199522,1.308,-0.6845910300827436,0.0666666666666666,2,73.74352472532722,-1.0532057437104656,1.667264378139521,93.91148055991196,64.42546933653163,-0.5922724670478096,-0.4349631165456655,train
7.737799999999999,0.0528831416111663,0.2925116796440414,1.19768604678633,1.2920000000000005,-0.3563058966909711,0.1,2,75.08257921729101,-2.017979241793037,0.9137904363506454,94.41436403628492,63.17161365193154,-0.1081098303216211,0.1986868557060452,train
7.8052,0.0677694129628796,0.4071190211345802,1.21351923484275,1.358,1.4329247489629309,0.0666666666666666,2,76.43096974654942,-1.563839262583313,1.2573918419273795,96.41720699820846,68.34376835090696,2.530689612592184,-0.4349631165456655,train
7.863933333333334,0.0760482010891045,0.4534905450500476,1.2149522350007564,1.358,0.40972771529841,0.1333333333333333,2,77.60597672605154,-1.3112757711155352,1.396417148586335,96.59847651074573,68.34376835090696,1.021654559462835,0.8323368279577557,train
7.946,0.0715019813245291,0.4038086763069972,1.2199725133515646,1.358,0.0852641637773103,0.1,2,79.24778557028205,-1.4499686714790283,1.2474671798515642,97.23352417935068,68.34376835090696,0.5431280815716613,0.1986868557060452,train
8.010399999999999,0.0736249957555175,0.4285294771968753,1.1997830915072385,1.3,-1.053467986334191,0.0666666666666666,2,80.53615871693248,-1.3852012285934692,1.3215819950307115,94.6796328656037,63.79854149423157,-1.1363008789378364,-0.4349631165456655,train
8.091733333333332,0.0707629532704479,0.4370189098998778,1.1961537805260103,1.312,-1.0087746285954948,0.0333333333333333,2,82.16329664541439,-1.4725144236815917,1.3470339509993574,94.22053770867872,64.73893325768165,-1.0703860636571507,-1.0686130887973762,train
8.172333333333334,0.0838444326648402,0.5227408231368058,1.199833710700501,1.312,-0.6840482424452166,0.0666666666666666,2,83.77576365814775,-1.0734337781767649,1.604034676204792,94.6860360166686,64.73893325768165,-0.5914719510724064,-0.4349631165456655,train
8.258666666666667,0.0800988278454948,0.4851256952168896,1.198314316028979,1.312,-0.4572486908179076,0.0666666666666666,2,85.50293055764288,-1.1877020764359918,1.4912617014883438,94.49383790006706,64.73893325768165,-0.2569826375001361,-0.4349631165456655,train
8.364666666666666,0.1034064257620817,0.6318487208008814,1.201784783838881,1.2899999999999998,0.6163167508884646,0.1,2,87.62354474312342,-0.4766501425311916,1.931148336720107,94.93283995087806,63.01488169135649,1.326336928586858,0.1986868557060452,train
8.434800000000001,0.0867265434185716,0.4465761957730735,1.2002463080551424,1.2899999999999998,-0.7331651024115975,0.1333333333333333,2,89.02661777653572,-0.9855083543513388,1.3756874108634431,94.7382281402578,63.01488169135649,-0.6639106514891397,0.8323368279577557,train
8.515866666666666,0.0621673726501467,0.2904026696329167,1.2086215288501194,1.2899999999999998,-0.5990734933111419,0.1333333333333333,2,90.64842082656357,-1.7347423995104605,0.9074674661571724,95.79766430459829,63.01488169135649,-0.4661491922534684,0.8323368279577557,train
8.5626,0.0767214007518978,0.4722847608453752,1.220438391180262,1.306,-0.3508323931902781,0.0666666666666666,2,91.58335827563393,-1.2907382655413295,1.452763617145857,97.29245609672562,64.26873737595662,-0.1000373786097644,-0.4349631165456655,train
8.655666666666667,0.0819676087786444,0.5223136818687311,1.241124812418155,1.326,0.8959934557752578,0.0,2,93.44523085609356,-1.13069061170608,1.6027540746466236,99.90921609705283,65.83605698170675,1.7388107115750324,-1.7022630610490868,train
8.742400000000002,0.0957558005205603,0.6292858731924235,1.2364768767213832,1.326,-0.1326106095691623,0.0,2,95.18040007326982,-0.7100500790254315,1.9234647273710688,99.32126847307588,65.83605698170675,0.2218012409386987,-1.7022630610490868,train
8.853199999999998,0.0976013661106577,0.6461579532814115,1.2338545024974918,1.326,-0.2669808902607968,0.1,2,97.39704207092298,-0.6537468517823953,1.9740484889188237,98.98954729733197,65.83605698170675,0.0236287902853781,0.1986868557060452,train
8.929400000000003,0.0710964602963232,0.4264204671857507,1.2502930323194903,1.356,-0.7289728125116799,0.1333333333333333,2,98.92148358916477,-1.4623400240472693,1.3152590248372389,101.06896387730556,68.18703639033193,-0.6577277637327137,0.8323368279577557,train
9.025800000000002,0.0850354435906975,0.5103003337041029,1.2418601102110227,1.356,-0.6542963388381056,0.1666666666666666,2,100.85004215029988,-1.0370992479019856,1.566737155823062,100.00222869843894,68.18703639033193,-0.5475931438013755,1.4659868002094665,train
9.0956,0.0885458826447246,0.5412413793103386,1.2247342024564625,1.356,-1.2293938616124709,0.0666666666666666,2,102.24644658564452,-0.9300052227195568,1.6595007311930927,97.83586121195762,68.18703639033193,-1.395760497967996,-0.4349631165456655,train
9.1732,0.0524762803559856,0.2799911012235784,1.199303575691604,1.28,-1.1202165602824927,0.0666666666666666,2,103.79889621576996,-2.0303914810706543,0.8762528031767707,94.61897579053756,62.23122188848144,-1.2347432458724237,-0.4349631165456655,train
9.2532,0.0930986573479983,0.5787764182424839,1.2392199697121304,1.34,-0.1702170796835012,0.0333333333333333,2,105.39935975198168,-0.7911123488600934,1.772033593117364,99.66826015098955,66.93318070573184,0.1663383342258503,-1.0686130887973762,train
9.337466666666666,0.0971581986018448,0.6107052280311288,1.2630075217511574,1.358,0.1271267585908142,0.1,2,107.085181343458,-0.6672666969124208,1.8677585595906177,102.67730236112337,68.34376835090696,0.604868021104403,0.1986868557060452,train
9.415466666666669,0.0549519385968823,0.2695795328142322,1.2895727974798474,1.374,-0.929447055959392,0.1,2,108.64563329126447,-1.9548658268965595,0.8450381401963454,106.03771691157078,69.59762403550707,-0.9533918935716332,0.1986868557060452,train
9.461199999999998,0.0558082431187363,0.2726229143492704,1.264814505504002,1.374,0.6028695399392756,0.1333333333333333,2,109.5605649461321,-1.928742286047145,0.8541624262983116,102.905879491566,69.59762403550707,1.3065046655705403,0.8323368279577557,train
9.525266666666669,0.0842749204818506,0.5379043381534954,1.2424533794070505,1.374,-0.6931777646911259,0.1333333333333333,2,110.84226949471508,-1.0603007562367437,1.649496031519875,100.077275178627,69.59762403550707,-0.6049363852274398,0.8323368279577557,train
9.6244,0.1069908407294756,0.7225094549499368,1.2019841929077104,1.3219999999999998,-0.7495140413336614,0.1,2,112.82551056000406,-0.3672993118019134,2.202956017441902,94.9580645012734,65.5225930605567,-0.6880224511749803,0.1986868557060452,train
9.703133333333334,0.0710224064800834,0.4065583982202302,1.197023029575176,1.284,0.5682051864995481,0.1,2,114.40063342355911,-1.4645992062006064,1.2557110523822783,94.33049467590962,62.54468580963147,1.255380861734568,0.1986868557060452,train
9.780466666666667,0.0617989931597237,0.3404582869855278,1.208801665562497,1.298,0.6162899455802084,0.0333333333333333,2,115.94774817523046,-1.7459806639602586,1.0575379612553264,95.82045096924746,63.64180953365656,1.326297395487721,-1.0686130887973762,train
9.857733333333332,0.1018020737618945,0.6835328142380332,1.1941964662483304,1.298,-0.7181028257453463,0.0666666666666666,2,117.49352920728823,-0.52559459388477,2.086101125258795,93.97294429215678,63.64180953365656,-0.6416964515633435,-0.4349631165456655,train
9.9476,0.0757722904497413,0.482082313681846,1.1660879898189502,1.298,-0.1892339844022776,0.1,2,119.29138324629945,-1.319693060379156,1.4821374153863616,90.41732024560542,63.64180953365656,0.1382917558265,0.1986868557060452,train
10.052866666666668,0.0871117035127249,0.5468743047830803,1.157857331453232,1.31,1.2273236524685451,0.1666666666666666,2,121.39732651603136,-0.973758158951932,1.6763886642414554,89.37617072340979,64.58220129710664,2.227464279284989,1.4659868002094665,train
10.1256,0.0898077947619248,0.4936151279198972,1.174927345271471,1.31,-0.6361395759725199,0.1666666666666666,2,122.85241461437052,-0.89150768837199,1.516713657457005,91.5354678222612,64.58220129710664,-0.5208151228395697,1.4659868002094665,train
10.203,0.0582059561671597,0.2399733036707282,1.2043379370702672,1.31,-0.8028815884901745,0.1,2,124.40086308565536,-1.8555945294172391,0.7562764446955853,95.25580491295467,64.58220129710664,-0.766730165045383,0.1986868557060452,train
10.260733333333336,0.0838434785113837,0.431492769744148,1.2177860238974665,1.296,-0.8407754476763136,0.0333333333333333,2,125.5558642709549,-1.0734628868246356,1.3304661683405168,96.95694090383748,63.48507757308155,-0.8226169199213558,-1.0686130887973762,train
10.3452,0.1007989417933871,0.6332369299221267,1.2355167340024171,1.3,-0.698471621693975,0.0333333333333333,2,127.24568702127172,-0.5561974440249492,1.935310291784161,99.19981377423252,63.79854149423157,-0.6127438900585892,-1.0686130887973762,train
10.423933333333334,0.0821242689803418,0.4370989988876406,1.2349095513437411,1.3039999999999998,-0.6347078132158419,0.1,2,128.8208098848268,-1.1259113315854314,1.3472740637915104,99.12300728963838,64.11200541538159,-0.5187035254477612,0.1986868557060452,train
10.52,0.0931879820577739,0.5259176863181177,1.2146765275852935,1.3039999999999998,-1.0891998933069456,0.1666666666666666,2,130.74269984789433,-0.7883872929423312,1.6135591502936868,96.5636004861168,64.11200541538159,-1.188999135835562,1.4659868002094665,train
10.591133333333335,0.0932461735884581,0.5314972191323526,1.1863541348742934,1.3039999999999998,-0.8068649454816077,0.1666666666666666,2,132.1657786755093,-0.7866120263285015,1.6302870081472858,92.9809167774458,64.11200541538159,-0.7726049136338072,1.4659868002094665,train
10.6892,0.0936526917214166,0.5183893214682727,1.1803304622011583,1.282,-0.3656926901348449,0.1,2,134.12768022698214,-0.7742102547842188,1.5909885478308872,92.21894323330996,62.38795384905645,-0.1219536940910061,0.1986868557060452,train
10.762133333333336,0.0943595016707676,0.54311012235816,1.1726798369546565,1.282,-0.0150291098153307,0.0333333333333333,2,135.58676948416186,-0.7526473900399474,1.6651033630100625,91.25116587383768,62.38795384905645,0.3952132025552997,-1.0686130887973762,train
10.832199999999998,0.0751857255955768,0.359092324805324,1.185822190156124,1.256,-0.1021931366668238,0.0333333333333333,2,136.98850879796058,-1.3375875716628538,1.1134042042305248,92.91362762941564,60.35043836158128,0.2666616454620085,-1.0686130887973762,train
10.897133333333333,0.0670157858683724,0.3892591768631714,1.201830326349495,1.304,0.029808943751318,0.1333333333333333,2,138.28755170151908,-1.5868303921244251,1.203846689276367,94.93860091932774,64.1120054153816,0.4613414186466191,0.8323368279577557,train
10.9872,0.1099109942938678,0.7361779755283429,1.2071648879364687,1.304,-0.0820293156657641,0.1333333333333333,2,140.0894068993708,-0.2782133044539651,2.24393526730333,95.61340431908182,64.1120054153816,0.2963997229725043,0.8323368279577557,train
11.065,0.0770103889095489,0.4295172413792885,1.215200888742269,1.33,-0.802573562697555,0.1666666666666666,2,141.64585768833672,-1.2819220164748737,1.324543386133947,96.6299303401558,66.14952090285678,-0.7662758813609727,1.4659868002094665,train
11.140333333333333,0.0601688365259699,0.2862113459399141,1.2221258527663998,1.356,-1.1955220386964245,0.1333333333333333,2,143.15296085160276,-1.795712345068996,0.8949015633675883,97.50591409073596,68.18703639033193,-1.3458055367904378,0.8323368279577557,train
11.182066666666664,0.067174366804277,0.4134460511679437,1.244944443204863,1.356,-1.0265268016925988,0.2,2,143.98786932965982,-1.5819925155848118,1.2763607525077667,100.39238604432084,68.18703639033193,-1.096567386111544,2.099636772461177,train
11.252133333333331,0.0615119139318195,0.3590122358175643,1.2358139557932388,1.356,-1.0130841725283946,0.1666666666666666,2,145.38960864345862,-1.7547386767299886,1.1131640914383814,99.23741129216484,68.18703639033193,-1.0767418804194957,1.4659868002094665,train
11.320133333333334,0.0747349687599827,0.4712969966629412,1.2169189510124876,1.3199999999999998,-0.7385552321348241,0.1,2,146.75000264923864,-1.3513389466787196,1.4498022260425594,96.8472592137719,65.36586109998169,-0.6718601415928516,0.1986868557060452,train
11.41173333333333,0.0935446179935306,0.5887074527252255,1.213710014789365,1.326,0.0511163295919847,0.0333333333333333,2,148.58253339820098,-0.7775072926639964,1.8018075793447883,96.4413399947971,65.83605698170675,0.492766052481768,-1.0686130887973762,train
11.505733333333334,0.0946878849460454,0.6104916573970842,1.210196898580282,1.326,0.7628108434758096,0.0666666666666666,2,150.46307805324983,-0.7426293022136543,1.867118258811512,95.9969430705196,65.83605698170675,1.5423898622031231,-0.4349631165456655,train
11.598066666666664,0.0815785647227394,0.5102469410455941,1.2106271102201536,1.326,0.9721598065982212,0.0666666666666666,2,152.3102797179608,-1.1425592963004954,1.5665770806282928,96.05136333963937,65.83605698170675,1.8511426373715296,-0.4349631165456655,train
11.690733333333332,0.0883168286467662,0.5651345939933092,1.182205678664532,1.23,0.1762513806465762,0.1,2,154.1641499807394,-0.936993042262343,1.731134380853251,92.45615156320332,58.31292287410611,0.6773181692331371,0.1986868557060452,train
11.779600000000006,0.0896785370085844,0.5714616240266834,1.1868333778027422,1.248,0.1530341697298611,0.0333333333333333,2,155.94199822554808,-0.8954509937187616,1.7501032914336705,93.04153933323651,59.72351051928123,0.6430768804524783,-1.0686130887973762,train
11.8752,0.0797572985166038,0.4846451612903107,1.1793653660620471,1.27,-0.71368059547566,0.0333333333333333,2,157.854552151321,-1.1981212148929985,1.48982102473542,92.09686194412735,61.44756208560637,-0.6351744423408712,-1.0686130887973762,train
11.967466666666668,0.0930704870276046,0.5952213570633894,1.1913652672459445,1.27,0.5764904016093197,0.0333333333333333,2,159.7004200964185,-0.7919717493382683,1.821336753106927,93.61480751164687,61.44756208560637,1.2676000918652346,-1.0686130887973762,train
12.057666666666668,0.0784569237791595,0.4931612903225685,1.204104148319405,1.288,0.5260393956544229,0.0666666666666666,2,161.50494273349724,-1.2377921400209226,1.5153530183014532,95.2262314529179,62.85814973078149,1.1931937615625428,-0.4349631165456655,train
12.145266666666668,0.0728880115123345,0.4549855394883074,1.2214052016700545,1.288,-0.7610284716123394,0.1,2,163.2574503056491,-1.407684629639259,1.4008992540399188,97.4147542452788,62.85814973078149,-0.7050042037951078,0.1986868557060452,train
12.207533333333334,0.061945531629722,0.3389098998887476,1.2144667965819402,1.288,-1.0634906464085274,0.0666666666666666,2,164.5031444246672,-1.741510170567646,1.0528957806069386,96.53707024707292,62.85814973078149,-1.1510825337708317,-0.4349631165456655,train
12.28046666666667,0.0847768574291094,0.3944382647385713,1.2060202872809949,1.298,-1.171841206590303,0.1,2,165.96223368184695,-1.0449880140861405,1.2193739831691388,95.46861633583676,63.64180953365656,-1.310880488574236,0.1986868557060452,train
12.3608,0.1102719063648276,0.6565161290322381,1.2068420498695482,1.308,-0.5300917054483834,0.1,2,167.56936581612618,-0.2672028508266133,2.005103076704447,95.57256643173604,64.42546933653163,-0.3644132289076583,0.1986868557060452,train
12.447266666666668,0.0949827820654297,0.5435105672969831,1.2249691152569249,1.308,-0.1971725401946882,0.1,2,169.29920015484834,-0.7336327866657387,1.6663039269708542,97.865576860341,64.42546933653163,0.1265837870112793,0.1986868557060452,train
12.503533333333332,0.0441502988539022,0.2098598442713924,1.2271266709947537,1.308,0.0931575639967543,0.0333333333333333,2,170.42485950865057,-2.28439471511902,0.6659940348445209,98.13850012185156,64.42546933653163,0.5547694538857109,-1.0686130887973762,train
12.562399999999998,0.0650915253060383,0.3778598442713914,1.207426795572579,1.302,-0.4651238828948316,0.0,2,171.60253392737968,-1.6455343906694957,1.169670635192645,95.64653471984434,63.95527345480659,-0.268597156017301,-1.7022630610490868,train
12.642266666666666,0.099009404716028,0.6332903225806293,1.2035239368897763,1.3059999999999998,-0.8000217012894764,0.0333333333333333,2,173.2003300243644,-0.610791392496364,1.935470366978912,95.1528367345505,64.26873737595659,-0.762512336130855,-1.0686130887973762,train
12.737933333333332,0.0741754376836129,0.4576551724137776,1.1811202027453995,1.3059999999999998,0.1563504724217361,0.0333333333333333,2,175.11421766975093,-1.3684087303328067,1.4089030137784797,92.31884265250105,64.26873737595659,0.6479678416693063,-1.0686130887973762,train
12.816200000000002,0.0608327762531568,0.3658197997775063,1.1972680011871473,1.318,-1.0128008810506357,0.0666666666666666,2,176.68000449601143,-1.77545733514897,1.133573678771691,94.3614827287995,65.2091291394067,-1.0763240754844483,-0.4349631165456655,train
12.890933333333331,0.0805526466907752,0.5225539488320128,1.1789259518731443,1.318,-0.6146464558126903,0.1,2,178.17510418275586,-1.1738572877651938,1.6034744130230625,92.04127758471236,65.2091291394067,-0.4891165636616331,0.1986868557060452,train
12.976066666666668,0.0885399846899065,0.5790700778642759,1.185999606520452,1.318,-0.9979167999609496,0.1333333333333333,2,179.87826412920788,-0.9301851534097342,1.7729140066885762,92.9360701795425,65.2091291394067,-1.0543726825865285,0.8323368279577557,train
13.0852,0.1023973958002185,0.6547541713014283,1.1856455344382375,1.304,-0.5859494364670854,0.2,2,182.0615631365233,-0.5074329245372293,1.9998205952769983,92.89128129840564,64.1120054153816,-0.4467935245127067,2.099636772461177,train
13.172333333333333,0.0901585024030212,0.5356084538375853,1.1986989613743728,1.304,0.0002799145368852,0.1666666666666666,2,183.8047346713806,-0.8808085443705675,1.6426127981446954,94.54249419216144,64.1120054153816,0.4177913117724139,1.4659868002094665,train
13.2398,0.0532524803804169,0.215252502780847,1.2312569729074971,1.356,0.0931229298109159,0.1666666666666666,2,185.15445892025247,-2.0067117123341225,0.6821616295164287,98.6609688809593,68.18703639033195,0.5547183745737629,1.4659868002094665,train
13.2792,0.0571141546962457,0.2556440489432667,1.2400917707976291,1.356,0.0824896846029452,0.1,2,185.9426872118368,-1.888902446865951,0.8032585143610236,99.77853994189876,68.18703639033195,0.5390362144233568,0.1986868557060452,train
13.3434,0.077332442523605,0.4579755283648317,1.2253289626327564,1.356,-0.6443931098465319,0.1333333333333333,2,187.2270591996467,-1.272097029536489,1.4098634649471,97.91109629593934,68.18703639033195,-0.5329876287385246,0.8323368279577557,train
13.426066666666667,0.0881294250268063,0.5518932146829684,1.2131010949903007,1.314,-0.9164390209727356,0.2,2,188.8808715203988,-0.9427102211355228,1.6914357325499625,96.36431376801414,64.89566521825667,-0.9342073375952588,2.099636772461177,train
13.517733333333332,0.0924910566247114,0.5574193548386988,1.238315684037529,1.406,-0.9089116030853636,0.1666666666666666,2,190.71473598897472,-0.8096486077607838,1.708003515208805,99.5538711730724,72.10533540470726,-0.9231057246332716,1.4659868002094665,train
13.592066666666666,0.0862283531611782,0.4962046718576041,1.262324575271088,1.406,0.2816921336904245,0.1,2,192.2018333580381,-1.0007067951018551,1.5244773044034114,102.59091201787076,72.10533540470726,0.8328246720243595,0.1986868557060452,train
13.6962,0.1138388920067885,0.7037419354838429,1.2375427804053214,1.406,0.0194754510980352,0.0333333333333333,2,194.2851033943404,-0.1583837417959916,2.146689586479703,99.456101564419,72.10533540470726,0.4461013406147168,-1.0686130887973762,train
13.79486666666667,0.109888044036748,0.7061979977752822,1.1691646020414177,1.2819999999999998,-1.0448869254986584,0.0666666666666666,2,196.2590084223349,-0.2789134548841849,2.1540530454391997,90.80650094088796,62.38795384905644,-1.1236453285718648,-0.4349631165456655,train
13.888800000000002,0.062919207454216,0.3610945494994205,1.1587386245396327,1.264,-0.6935752749568129,0.0666666666666666,2,198.13821935777017,-1.7118059479154248,1.1194070240344272,89.48765121926442,60.97736620388133,-0.6055226427176048,-0.4349631165456655,train
13.949866666666669,0.0649490740674737,0.3896596218019808,1.170877733440459,1.2719999999999998,0.9295039982478004,0.0666666666666666,2,199.35990652374508,-1.6498801936574727,1.205047253237118,91.02320607653049,61.604294046181366,1.788232847856388,-0.4349631165456655,train
14.024666666666668,0.0840354422583445,0.5242625139043149,1.177051740578977,1.2719999999999998,0.0310293998477946,0.0333333333333333,2,200.85633993010305,-1.0676065907788332,1.608596819255745,91.8041964052112,61.604294046181366,0.4631413760055577,-1.0686130887973762,train
14.097733333333336,0.0743464562407352,0.4328542825361363,1.1864076870957976,1.28,-0.1260215385322438,0.0666666666666666,2,202.3180966265098,-1.3631914155236768,1.3345480858071783,92.98769094633414,62.23122188848144,0.2315189578936225,-0.4349631165456655,train
14.191733333333334,0.0857216166177212,0.5089922135706144,1.200535491631408,1.296,-0.4369531218007374,0.0666666666666666,2,204.1986412815585,-1.0161659599842618,1.5628153135511431,94.77480885213738,63.48507757308155,-0.2270502549164728,-0.4349631165456655,train
14.259199999999998,0.0814724493310468,0.5054149054504815,1.2197179455376832,1.296,-0.1863320565551958,0.1666666666666666,2,205.5483655304304,-1.145796590626153,1.5520902755014627,97.20132224045196,63.48507757308155,0.1425715872752046,1.4659868002094665,train
14.336266666666669,0.0489754587069436,0.2960088987763868,1.1964084029572286,1.296,-0.9475369949863884,0.2333333333333333,2,207.0901454036477,-2.137192105172532,0.9242753616080984,94.2527465564797,63.48507757308155,-0.9800713611644416,2.7332867447128875,train
14.416066666666667,0.0973454102096699,0.6121201334816244,1.1897484327929722,1.258,-1.277893502202335,0.2,2,208.6866077810189,-0.6615553758114723,1.872000552252044,93.41028360318376,60.50717032215629,-1.4672889087298635,2.099636772461177,train
14.504466666666668,0.0955973267873579,0.5928453837597093,1.2050481041573955,1.314,-0.6389861049316581,0.1666666666666666,2,210.45511998853289,-0.7148846850998092,1.8142134069395728,95.34563856788104,64.89566521825667,-0.5250132507052293,1.4659868002094665,train
14.601066666666668,0.0752803353399073,0.4437463848720558,1.23593290001251,1.324,-0.3703727227185451,0.1666666666666666,2,212.38767970850856,-1.3347012835986265,1.3672034255405106,99.25245732026607,65.67932502113173,-0.1288559162302726,1.4659868002094665,train
14.681733333333332,0.0837834245076092,0.5512791991101087,1.2452196057991805,1.324,-1.0571875715005603,0.2333333333333333,2,214.0014804408553,-1.0752949724679284,1.6895948678100887,100.42719315097864,65.67932502113173,-1.1417866106341537,2.7332867447128875,train
14.7672,0.0747147464248745,0.4922803114571551,1.2744954557261734,1.364,-1.265911291792959,0.2333333333333333,2,215.7113089853749,-1.3519558755676684,1.5127117775877037,104.13048586572864,68.81396423263199,-1.4496172629697486,2.7332867447128875,train
14.850333333333335,0.0699410863195269,0.4559999999999804,1.2617682301701316,1.364,-0.9150220464200158,0.2,2,217.3744573434216,-1.4975873671464752,1.403940682740555,102.52053630668227,68.81396423263199,-0.9321175501944996,2.099636772461177,train
14.906466666666663,0.053865717813425,0.3099710789766259,1.2728112716869433,1.364,-0.3601032228373428,0.1333333333333333,2,218.49744925799675,-1.9880034926263803,0.9661350250408626,103.91744246994908,68.81396423263199,-0.1137102162438876,0.8323368279577557,train
14.982066666666666,0.0698846350940053,0.4172903225806309,1.2316972571753717,1.344,-1.0123466039161697,0.1333333333333333,2,220.0098872997169,-1.4993095417447346,1.287886166531325,98.7166633023238,67.24664462688185,-1.075654096880924,0.8323368279577557,train
15.036200000000004,0.0732199426386013,0.449112347052258,1.215023621169564,1.344,-0.7145905478076893,0.1,2,221.09286762588687,-1.3975583064505763,1.3832909826150397,96.6075066116493,67.24664462688185,-0.6365164614442604,0.1986868557060452,train
15.148133333333332,0.1007504287280645,0.6275773081201185,1.1937647451096327,1.282,-0.3710885851722079,0.1,2,223.3321828569697,-0.5576774467708693,1.9183423211383772,93.91833307671028,62.38795384905645,-0.1299116870156192,0.1986868557060452,train
15.518666666666666,0.0531296109110121,0.2543626251390256,1.1335652311769857,1.292,0.1323100661385345,0.0,2,230.744996468857,-2.010460128372137,0.799416709686468,86.30330492435219,63.17161365193152,0.6125124849987583,-1.7022630610490868,val
15.564399999999996,0.0515322552711727,0.2680845383759431,1.1589330150329369,1.35,0.8772912723020627,0.0333333333333333,2,231.65992812372468,-2.059191139646073,0.8405560347426738,89.51224093739268,67.71684050860691,1.7112282914716126,-1.0686130887973762,val
15.613466666666664,0.0529450868563103,0.2874126807563794,1.1773269724252478,1.35,-0.0990745637553116,0.0666666666666666,2,232.64154575926787,-2.0160894594776955,0.898503255249952,91.83901227199908,67.71684050860691,0.271260990147711,-0.4349631165456655,val
15.687399999999998,0.0787166225562726,0.4826963292547092,1.204963733894095,1.35,0.6948165596296381,0.1333333333333333,2,234.12064081065023,-1.2298694309386826,1.4839782801262456,95.3349660243955,67.71684050860691,1.4421102930092768,0.8323368279577557,val
15.760266666666666,0.0847627800917882,0.510327030033332,1.200627391547158,1.31,-0.3629128329194544,0.2,2,235.5783963482164,-1.0454174756703984,1.5668171934203712,94.78643387034634,64.58220129710664,-0.1178538952812939,2.099636772461177,val
15.8618,0.0930982993041943,0.5478887652947556,1.2114197180718718,1.352,-0.4087964178654557,0.2,2,237.6096513195918,-0.7911232718106336,1.6794300929420984,96.15162546320678,67.87357246918191,-0.185524085644117,2.099636772461177,val
15.947666666666668,0.1022051314215142,0.6201824249165528,1.2183893192790771,1.352,-0.2002421939137755,0.1666666666666666,2,239.3274821817924,-0.513298392046492,1.896171906662524,97.03325566146653,67.87357246918191,0.1220565895012537,1.4659868002094665,val
16.0452,0.0823044753744697,0.4709766407118793,1.1866004663182408,1.352,0.3634346151630865,0.1333333333333333,2,241.2787139763572,-1.1204137206559284,1.4488417748739155,93.01207684432887,67.87357246918191,0.953380406466087,0.8323368279577557,val
16.122133333333334,0.0796658577364784,0.4984738598442491,1.1932695141221592,1.344,-0.6750861636158021,0.1666666666666666,2,242.8178264103475,-1.2009108264084625,1.531280500181175,93.85568808732133,67.24664462688185,-0.578254466406663,1.4659868002094665,val
16.212133333333334,0.0899954566754464,0.5669766407118919,1.186346436192509,1.344,-0.9057468894476256,0.1666666666666666,2,244.61834788858567,-0.88578262965906,1.7366569750728829,92.9799429211022,67.24664462688187,-0.9184383305191978,1.4659868002094665,val
16.2806,0.0725831017983297,0.4112569521690511,1.216261265792291,1.344,-1.0478231095035169,0.1333333333333333,2,245.9880779316602,-1.4169866024373723,1.2697976695221258,96.76406433162072,67.24664462688187,-1.1279756818078397,0.8323368279577557,val
16.357333333333337,0.0675225065358874,0.3774327030033244,1.2070550387893115,1.344,-0.5563848323777099,0.1,2,247.52318920681,-1.5713717115741792,1.1683900336344994,95.59950878582136,67.24664462688187,-0.4031909509761353,0.1986868557060452,val
16.412266666666664,0.0686201784381892,0.4363248053392558,1.2037550138351796,1.33,-0.5759866180914268,0.0666666666666666,2,248.622174168342,-1.5378847031008969,1.3449529734673324,95.1820671606728,66.14952090285678,-0.432100125624532,-0.4349631165456655,val
16.4856,0.0564633214278673,0.368195773081167,1.185168004968072,1.3039999999999998,-0.255787396319918,0.0666666666666666,2,250.0892657432028,-1.9087576140859384,1.140697024938987,92.83087548910024,64.11200541538159,0.0401372184453795,-0.4349631165456655,val
16.570133333333334,0.0928122597265874,0.6237864293659374,1.1687776520792996,1.29,-0.5808133045984967,0.0333333333333333,2,251.7804222131332,-0.7998495676545267,1.9069769823095808,90.75755312283115,63.01488169135651,-0.4392186364196121,-1.0686130887973762,val
16.648866666666667,0.0768525572479898,0.4852591768631541,1.1660801001646497,1.2440000000000002,-0.7450819766790122,0.0333333333333333,2,253.35554507668817,-1.2867370346755775,1.4916618894752447,90.41632223190588,59.41004659813122,-0.681485937970238,-1.0686130887973762,val
16.7478,0.0801038492624835,0.506989988876506,1.1698355439975314,1.2440000000000002,-0.873985763833895,0.1,2,255.3347849831367,-1.1875488865502923,1.556812493747205,90.8913727538086,59.41004659813122,-0.8715962753714126,0.1986868557060452,val
16.817666666666664,0.0813880963177185,0.5157997775305735,1.1756084382140168,1.264,0.1318983258825872,0.1333333333333333,2,256.73252313809485,-1.1483699734978017,1.5832249008845038,91.62162369949408,60.97736620388133,0.6119052407842361,0.8323368279577557,val
16.910200000000003,0.0783757615592986,0.4590967741935288,1.1575522450412334,1.264,-0.641677301118937,0.1333333333333333,2,258.58372596164656,-1.2402681803919076,1.4132250440372944,89.33757835838054,60.97736620388133,-0.528982290145177,0.8323368279577557,val
16.983999999999995,0.0860867779239841,0.5302958843158767,1.165887301586221,1.264,-0.5689141399239075,0.0333333333333333,2,260.0601535738017,-1.005025873651269,1.6266853162648904,90.3919338854466,60.97736620388133,-0.4216694684625821,-1.0686130887973762,val
17.07586666666667,0.096461299090476,0.595488320355921,1.1656177189227466,1.2760000000000002,-0.8591198857950957,0.0333333333333333,2,261.89801920121835,-0.6885272209299342,1.8221371290807369,90.357832620542,61.91775796733143,-0.849671728761117,-1.0686130887973762,val
17.157933333333332,0.0837002323108421,0.5228476084538121,1.1983201575538984,1.3059999999999998,-1.1042481497716197,0.0666666666666666,2,263.5398280454488,-1.0778329419579096,1.6043548265942966,94.49457683255685,64.26873737595659,-1.211192658438286,-0.4349631165456655,val
17.224933333333336,0.0729305301106624,0.382932146829781,1.224090356142062,1.314,-1.1699733284385403,0.0666666666666666,2,264.8802162570262,-1.406387501909658,1.1848777786958995,97.7544169030312,64.89566521825667,-1.308125697939348,-0.4349631165456655,val
17.3098,0.0959018248001565,0.592525027808662,1.248087229857486,1.314,-0.3237035448634415,0.0333333333333333,2,266.57804132502406,-0.7055952721948201,1.813252955770973,100.78993757377928,64.89566521825667,-0.0600271149662045,-1.0686130887973762,val
17.407666666666668,0.1176968799737508,0.7855928809788189,1.2375843674944615,1.314,1.49847136458696,0.0333333333333333,2,268.53594171765644,-0.0406869368868201,2.392084860064163,99.46136218587404,64.89566521825667,2.6273593031173883,-1.0686130887973762,val
17.51973333333333,0.0849733029970136,0.5442847608453685,1.1969368682878252,1.29,-1.234046453505063,0.0666666666666666,2,270.77792438796627,-1.0389949897742754,1.668625017295034,94.31959557414022,63.01488169135651,-1.4026222499305503,-0.4349631165456655,val
17.596666666666668,0.0620630503780004,0.3796218020021942,1.1768438582355207,1.334,0.1874056824190018,0.1,2,272.3170368219566,-1.737924990596185,1.1749531166200724,91.77790001518434,66.4629848240068,0.6937687958612162,0.1986868557060452,val
17.6744,0.0754672555925194,0.472311457174608,1.2094076235909876,1.364,-0.6697969501799972,0.0666666666666666,2,273.872153891309,-1.328998850959216,1.452843654743177,95.89710254240248,68.813964232632,-0.5704538100174174,-0.4349631165456655,val
17.741266666666665,0.0784576035547579,0.4975394883203373,1.2104174486514974,1.364,0.0687385151709762,0.0666666666666666,2,275.20987466365926,-1.2377714019012962,1.5284791842726864,96.02484188384204,68.813964232632,0.5187556662868523,-0.4349631165456655,val
17.82773333333333,0.0812629203402278,0.5019977753058805,1.2238108786355295,1.364,0.5053378126101391,0.0666666666666666,2,276.93970900238145,-1.152188754875089,1.5418454630361071,97.71906397505614,68.813964232632,1.162662579941335,-0.4349631165456655,val
17.889999999999997,0.0766150550914546,0.4441201334816214,1.2466341350479164,1.424,-0.3585945671805381,0.1333333333333333,2,278.1854031213996,-1.293982584745356,1.3683239519039083,100.60612615803764,73.51592304988239,-0.1114852153942794,0.8323368279577557,val
17.963,0.0676554998996134,0.3698242491657112,1.2649462175655268,1.424,-0.9486000236656388,0.1,2,279.6458260981928,-1.5673144428323609,1.1455793183795313,102.92254060709656,73.51592304988239,-0.9816391408654104,0.1986868557060452,val
18.0296,0.077286307541073,0.4716173526140038,1.2613588968515923,1.424,-0.7816529734488,0.0666666666666666,2,280.9782119920891,-1.2735044833919835,1.450762677211205,102.46875707225423,73.51592304988239,-0.7354217042378954,-0.4349631165456655,val
18.099066666666666,0.0697476084815022,0.425379310344805,1.2186064718904677,1.336,-0.1523639706188362,0.0333333333333333,2,282.36794782936624,-1.5034898540259696,1.3121375585391633,97.06072470799312,66.6197167845818,0.1926685194194422,-1.0686130887973762,val
18.1592,0.0517187264602161,0.3035906562847499,1.2345355941945673,1.336,0.1572232981552805,0.1,2,283.5709629207521,-2.053502406724673,0.947006039265695,99.07570301701716,66.6197167845818,0.6492551055919494,0.1986868557060452,val
18.23353333333333,0.0881145971007203,0.5667363737485931,1.217530560875852,1.318,-0.7807492119503188,0.1333333333333333,2,285.05806028981544,-0.943162581158078,1.7359366366963929,96.92462572428876,65.2091291394067,-0.7340888155214451,0.8323368279577557,val
